ID_CORRELATIVO,CODMES,prediction
22240,202408,0
86930,202408,0
53259,202408,0
53104,202408,0
5720,202408,0
85218,202408,0
13112,202408,0
45338,202408,0
58658,202408,0
39512,202408,0
36445,202408,0
32679,202408,0
81589,202408,0
53070,202408,0
84937,202408,0
33503,202408,0
30871,202408,0
22416,202408,0
16769,202408,0
89075,202408,0
14711,202408,0
55889,202408,0
62625,202408,0
42568,202408,0
45083,202408,0
13228,202408,1
43761,202408,0
56670,202408,0
13643,202408,0
1723,202408,0
88246,202408,0
77612,202408,0
73110,202408,0
32622,202408,0
64175,202408,0
87695,202408,0
40798,202408,0
28931,202408,0
12637,202408,0
23818,202408,0
9915,202408,0
28443,202408,0
93412,202408,0
29415,202408,0
91169,202408,0
24888,202408,0
21378,202408,0
8459,202408,0
65912,202408,0
68934,202408,0
50215,202408,0
65904,202408,0
42667,202408,0
8223,202408,1
9178,202408,0
11459,202408,0
41765,202408,0
86651,202408,0
42578,202408,0
57808,202408,0
59396,202408,0
28006,202408,0
34519,202408,0
34519,202408,0
34519,202408,0
28549,202408,0
37175,202408,0
71772,202408,0
80078,202408,0
21294,202408,0
21835,202408,0
51712,202408,0
74861,202408,0
71053,202408,0
99370,202408,0
26604,202408,0
70763,202408,0
12983,202408,1
32435,202408,0
81868,202408,0
94779,202408,0
7233,202408,0
7233,202408,0
7233,202408,0
7233,202408,0
7233,202408,0
99869,202408,0
29784,202408,0
78185,202408,0
76851,202408,0
64877,202408,0
57485,202408,0
63863,202408,0
23261,202408,0
29738,202408,0
68451,202408,0
7937,202408,0
82332,202408,0
20875,202408,0
81540,202408,0
98715,202408,0
83224,202408,0
83224,202408,0
96699,202408,0
79385,202408,0
1364,202408,0
93668,202408,0
65621,202408,0
65621,202408,0
65621,202408,0
97483,202408,0
86058,202408,0
68542,202408,0
47917,202408,0
56180,202408,0
72849,202408,0
80116,202408,0
22783,202408,0
81338,202408,0
78270,202408,0
87548,202408,0
40252,202408,0
23258,202408,0
24621,202408,0
30728,202408,0
804,202408,0
70728,202408,0
54783,202408,0
2865,202408,0
68432,202408,0
39810,202408,0
24115,202408,0
50385,202408,0
15917,202408,0
69317,202408,0
38449,202408,0
20782,202408,0
53050,202408,0
21228,202408,0
7410,202408,0
86165,202408,0
90759,202408,0
41716,202408,0
1813,202408,0
63533,202408,0
71942,202408,0
67681,202408,0
91124,202408,0
23812,202408,0
79958,202408,0
69173,202408,0
70164,202408,0
11037,202408,0
31984,202408,0
40771,202408,0
21038,202408,0
96023,202408,0
35444,202408,0
69314,202408,0
97503,202408,0
68822,202408,0
10747,202408,0
63873,202408,0
96341,202408,0
68767,202408,0
55031,202408,0
51866,202408,0
57475,202408,0
83823,202408,0
82883,202408,0
26329,202408,0
88424,202408,0
14694,202408,0
20386,202408,0
44965,202408,0
92114,202408,0
54497,202408,0
64237,202408,0
92749,202408,0
67573,202408,0
79410,202408,0
29299,202408,0
58384,202408,0
19858,202408,0
70290,202408,0
94536,202408,0
94536,202408,0
94536,202408,0
94536,202408,0
94536,202408,0
94536,202408,0
94536,202408,0
94536,202408,0
50483,202408,0
23791,202408,0
80659,202408,0
34623,202408,0
57352,202408,0
42468,202408,0
61894,202408,0
12989,202408,0
77010,202408,0
31464,202408,0
54577,202408,0
29908,202408,0
4535,202408,0
13154,202408,0
67616,202408,0
34166,202408,1
84246,202408,0
61384,202408,0
70704,202408,0
46809,202408,0
9744,202408,0
54254,202408,0
40452,202408,0
58011,202408,0
77672,202408,0
96,202408,0
53004,202408,0
99674,202408,0
69320,202408,0
7810,202408,0
99895,202408,0
9571,202408,0
53505,202408,0
10720,202408,0
94149,202408,0
94102,202408,0
25772,202408,0
95731,202408,0
46788,202408,0
86188,202408,0
22691,202408,0
63652,202408,0
50698,202408,0
28050,202408,0
50549,202408,0
6721,202408,0
4124,202408,0
22279,202408,0
83952,202408,0
95313,202408,0
63050,202408,0
36597,202408,0
79494,202408,0
57361,202408,0
81411,202408,0
11741,202408,0
20150,202408,0
51516,202408,0
56564,202408,0
50086,202408,0
83256,202408,0
23449,202408,0
5018,202408,0
3502,202408,0
78831,202408,0
17228,202408,0
56257,202408,0
56257,202408,0
17091,202408,0
70196,202408,0
55641,202408,0
41048,202408,0
56682,202408,0
83722,202408,0
14870,202408,0
95332,202408,0
66784,202408,0
95055,202408,0
95032,202408,0
74994,202408,0
61828,202408,0
91717,202408,0
64918,202408,0
85863,202408,0
5191,202408,0
39669,202408,0
65610,202408,0
92768,202408,0
99697,202408,0
31497,202408,0
46076,202408,0
80630,202408,0
71861,202408,0
4272,202408,0
6288,202408,0
39178,202408,0
53614,202408,0
53941,202408,0
58833,202408,0
78506,202408,0
50427,202408,0
41816,202408,0
5154,202408,0
823,202408,0
9139,202408,0
24470,202408,0
80808,202408,0
39020,202408,0
74762,202408,0
92121,202408,0
499,202408,0
22307,202408,0
81111,202408,0
30007,202408,0
8836,202408,0
85024,202408,0
14547,202408,0
59697,202408,0
80918,202408,0
21990,202408,0
76992,202408,0
55019,202408,0
43148,202408,0
17599,202408,0
99567,202408,0
52653,202408,0
10047,202408,0
3547,202408,0
78179,202408,0
18400,202408,0
86049,202408,0
19448,202408,0
86432,202408,0
67339,202408,0
44582,202408,0
47870,202408,0
15552,202408,0
50397,202408,0
19795,202408,0
96088,202408,0
71700,202408,0
7983,202408,0
24695,202408,0
93547,202408,0
51709,202408,0
85693,202408,0
40419,202408,0
35793,202408,0
78217,202408,0
80248,202408,0
32802,202408,0
59668,202408,0
21055,202408,0
17107,202408,0
47639,202408,0
23369,202408,0
13319,202408,0
92588,202408,0
92588,202408,0
26599,202408,0
84282,202408,0
74420,202408,0
25351,202408,0
19603,202408,0
84875,202408,0
3741,202408,0
49630,202408,0
44334,202408,0
67529,202408,0
73147,202408,0
8360,202408,0
10497,202408,1
90839,202408,0
72478,202408,0
22772,202408,0
67619,202408,0
67261,202408,0
11668,202408,0
22172,202408,0
42659,202408,0
16636,202408,0
90878,202408,0
51124,202408,0
73455,202408,0
90024,202408,0
31698,202408,0
96452,202408,0
41350,202408,0
7923,202408,0
33598,202408,0
19142,202408,0
93709,202408,0
21566,202408,0
24160,202408,0
41814,202408,0
64522,202408,0
29678,202408,0
26602,202408,0
35190,202408,0
25442,202408,0
87328,202408,0
87328,202408,0
83890,202408,0
33746,202408,0
63253,202408,0
56379,202408,0
92067,202408,0
74403,202408,0
25930,202408,0
84596,202408,0
98915,202408,0
27459,202408,0
19927,202408,0
60875,202408,0
72929,202408,0
75580,202408,0
54022,202408,0
72603,202408,0
55931,202408,0
83552,202408,0
76838,202408,0
93760,202408,0
24352,202408,0
93751,202408,0
33670,202408,0
45256,202408,0
52393,202408,0
34496,202408,0
91852,202408,0
34438,202408,0
1456,202408,0
83729,202408,0
30632,202408,0
52940,202408,0
37195,202408,0
70230,202408,0
30543,202408,0
27968,202408,0
33058,202408,0
35309,202408,0
89146,202408,0
99141,202408,0
99141,202408,0
35363,202408,0
37855,202408,0
89459,202408,0
54494,202408,0
84884,202408,0
88149,202408,0
85905,202408,0
16291,202408,0
77412,202408,1
72391,202408,0
21489,202408,0
50855,202408,0
38536,202408,0
76813,202408,0
65967,202408,0
67928,202408,0
74501,202408,0
92453,202408,0
66766,202408,0
32938,202408,0
92936,202408,0
14849,202408,0
24316,202408,0
35794,202408,0
4655,202408,0
24345,202408,0
32689,202408,0
42248,202408,0
48277,202408,0
77495,202408,0
59944,202408,0
41625,202408,0
33548,202408,0
76542,202408,0
66058,202408,0
53106,202408,0
56412,202408,0
22828,202408,0
58687,202408,0
45392,202408,0
10074,202408,0
49770,202408,0
62419,202408,0
74685,202408,0
61520,202408,0
9925,202408,0
54064,202408,0
3596,202408,0
61285,202408,0
99136,202408,0
84530,202408,0
70774,202408,0
27593,202408,0
43797,202408,0
96528,202408,0
37882,202408,0
72773,202408,0
75117,202408,0
40733,202408,0
55183,202408,0
66040,202408,0
18608,202408,0
70907,202408,0
85748,202408,0
7058,202408,0
32577,202408,0
74589,202408,0
36860,202408,0
64107,202408,0
36128,202408,0
60626,202408,0
1110,202408,0
38229,202408,0
99660,202408,0
96538,202408,0
99051,202408,0
68428,202408,0
64638,202408,0
22415,202408,0
38624,202408,0
45285,202408,0
59635,202408,0
72788,202408,0
18327,202408,0
22286,202408,0
33490,202408,0
64153,202408,0
17571,202408,0
90948,202408,0
87355,202408,0
16262,202408,0
10383,202408,0
56808,202408,0
55080,202408,0
33125,202408,0
61283,202408,0
61939,202408,0
88217,202408,0
18284,202408,0
43789,202408,0
43237,202408,0
9963,202408,0
99940,202408,0
23138,202408,0
29563,202408,0
39142,202408,0
39142,202408,0
63740,202408,0
92444,202408,0
11724,202408,0
82452,202408,0
82452,202408,0
78323,202408,0
42654,202408,0
55743,202408,0
63131,202408,0
58818,202408,0
63869,202408,0
47275,202408,0
40140,202408,0
31465,202408,0
91872,202408,0
73321,202408,0
94997,202408,0
68226,202408,0
36317,202408,0
3532,202408,0
13366,202408,0
68633,202408,0
15004,202408,0
12465,202408,0
48011,202408,0
26747,202408,0
91297,202408,0
24610,202408,0
47385,202408,0
39998,202408,0
39998,202408,0
39998,202408,0
39998,202408,0
73116,202408,0
23671,202408,0
58220,202408,0
16216,202408,0
82810,202408,0
39553,202408,0
7901,202408,0
5158,202408,0
94026,202408,0
63371,202408,0
32929,202408,0
63900,202408,0
88885,202408,0
79576,202408,0
53203,202408,0
19008,202408,0
71213,202408,0
4638,202408,0
5476,202408,0
63030,202408,0
83457,202408,0
22809,202408,0
97608,202408,0
62245,202408,0
46612,202408,0
30282,202408,0
356,202408,0
64777,202408,0
71712,202408,0
22321,202408,0
64010,202408,0
10454,202408,0
12992,202408,0
93350,202408,0
63805,202408,0
41619,202408,0
66005,202408,0
83088,202408,0
60832,202408,0
23188,202408,0
73527,202408,0
60399,202408,0
74552,202408,0
88342,202408,0
83516,202408,0
2759,202408,0
79323,202408,0
74731,202408,0
23599,202408,0
1429,202408,0
85205,202408,0
85205,202408,0
50210,202408,0
97374,202408,0
46469,202408,0
101,202408,0
92365,202408,0
34979,202408,0
49013,202408,0
65681,202408,0
30591,202408,0
58417,202408,0
75681,202408,0
28257,202408,0
84487,202408,0
62988,202408,0
25545,202408,0
88975,202408,0
81965,202408,0
79800,202408,0
26463,202408,0
37494,202408,0
49478,202408,0
71790,202408,1
1312,202408,0
1312,202408,0
1312,202408,0
1312,202408,0
89147,202408,0
22459,202408,0
35157,202408,0
33854,202408,0
39151,202408,0
32462,202408,0
27472,202408,0
4370,202408,0
51581,202408,0
73890,202408,0
18195,202408,0
52683,202408,0
88838,202408,0
33357,202408,0
49464,202408,0
86698,202408,0
8765,202408,0
91709,202408,0
30199,202408,0
55173,202408,0
58819,202408,0
59366,202408,0
87780,202408,0
91377,202408,0
42101,202408,0
51998,202408,0
9875,202408,0
76955,202408,0
55923,202408,0
11646,202408,0
12965,202408,0
50239,202408,0
54782,202408,0
14254,202408,0
58108,202408,0
95752,202408,0
62344,202408,0
25004,202408,0
4253,202408,0
42263,202408,0
98204,202408,1
32797,202408,0
1920,202408,0
23917,202408,0
66924,202408,0
76352,202408,0
35451,202408,0
37057,202408,0
18931,202408,0
18931,202408,0
49973,202408,0
54867,202408,0
65241,202408,0
67522,202408,0
73747,202408,0
12173,202408,0
96806,202408,0
9037,202408,0
23380,202408,0
39324,202408,0
47958,202408,0
21533,202408,0
3905,202408,0
2067,202408,0
81445,202408,0
73505,202408,0
9737,202408,0
3539,202408,0
23711,202408,0
61013,202408,0
67158,202408,0
43458,202408,0
81983,202408,0
85779,202408,0
98591,202408,0
76487,202408,0
43706,202408,0
1387,202408,0
53245,202408,0
88392,202408,0
23733,202408,0
52991,202408,0
77590,202408,0
2903,202408,0
78937,202408,0
99413,202408,0
74635,202408,0
79541,202408,0
10427,202408,0
75164,202408,0
53771,202408,0
30250,202408,0
90531,202408,0
60496,202408,0
92237,202408,0
94224,202408,0
26521,202408,0
36428,202408,0
63955,202408,0
75169,202408,0
19460,202408,0
34012,202408,0
20742,202408,0
51031,202408,0
36119,202408,0
45227,202408,0
54581,202408,0
1769,202408,0
72452,202408,0
25943,202408,0
36194,202408,0
31629,202408,0
89000,202408,0
1930,202408,0
11144,202408,0
52192,202408,0
34079,202408,0
22108,202408,0
31094,202408,0
8065,202408,0
93405,202408,0
96459,202408,0
6303,202408,0
83027,202408,0
95590,202408,0
86558,202408,0
10918,202408,0
37866,202408,0
9356,202408,0
50724,202408,0
33022,202408,0
89547,202408,0
75245,202408,0
23903,202408,0
37094,202408,0
99001,202408,0
8262,202408,0
46495,202408,0
26440,202408,0
71591,202408,0
93477,202408,0
52786,202408,0
47888,202408,0
40571,202408,0
76470,202408,0
57622,202408,0
25228,202408,0
56890,202408,0
51282,202408,0
65569,202408,0
43254,202408,0
44016,202408,0
96570,202408,0
19392,202408,0
24367,202408,0
96307,202408,0
17233,202408,0
1181,202408,0
30617,202408,0
29381,202408,0
49549,202408,0
49549,202408,0
27170,202408,0
77868,202408,0
2289,202408,0
98262,202408,0
18614,202408,0
40421,202408,0
40421,202408,0
19498,202408,0
17842,202408,0
17842,202408,0
39988,202408,0
14833,202408,0
91282,202408,0
7375,202408,0
4156,202408,0
38665,202408,0
52028,202408,0
11408,202408,0
5881,202408,0
38950,202408,0
61834,202408,0
23133,202408,0
51740,202408,0
97742,202408,0
49987,202408,0
63775,202408,0
72646,202408,0
57998,202408,0
32804,202408,0
34292,202408,0
59832,202408,0
52361,202408,0
67863,202408,0
56263,202408,0
39153,202408,0
59768,202408,0
76267,202408,1
44820,202408,0
84507,202408,0
8300,202408,0
45061,202408,0
30481,202408,0
30481,202408,0
56623,202408,0
16661,202408,0
49040,202408,0
81970,202408,0
3222,202408,0
73266,202408,0
16233,202408,0
80297,202408,0
29598,202408,0
22873,202408,0
45357,202408,0
60893,202408,0
53971,202408,0
63793,202408,0
91195,202408,0
21308,202408,0
19571,202408,0
64911,202408,0
99903,202408,0
95379,202408,0
61275,202408,0
33531,202408,0
63318,202408,0
83563,202408,0
29512,202408,0
90378,202408,0
7011,202408,0
53194,202408,0
35931,202408,0
34201,202408,0
16228,202408,0
45441,202408,0
35784,202408,0
18270,202408,0
29823,202408,0
91695,202408,0
12884,202408,0
35504,202408,0
86635,202408,0
57805,202408,0
6888,202408,0
41525,202408,0
98724,202408,0
21619,202408,0
22054,202408,0
45710,202408,0
33584,202408,0
62527,202408,0
80912,202408,0
89057,202408,0
30060,202408,0
34441,202408,0
49649,202408,0
97710,202408,0
88391,202408,0
18337,202408,0
93530,202408,0
72565,202408,0
30972,202408,1
94802,202408,1
36621,202408,0
71123,202408,0
65633,202408,0
79239,202408,0
32492,202408,0
68554,202408,0
84291,202408,0
34394,202408,0
7159,202408,0
66213,202408,0
94991,202408,0
73067,202408,0
29094,202408,0
85684,202408,0
6265,202408,0
40390,202408,0
51308,202408,0
24863,202408,1
56836,202408,0
25917,202408,0
84963,202408,0
11525,202408,0
11525,202408,0
86766,202408,0
97189,202408,0
15353,202408,0
42088,202408,0
15716,202408,0
49776,202408,0
9095,202408,0
58560,202408,0
54834,202408,0
68785,202408,0
12167,202408,0
23384,202408,0
52836,202408,0
39598,202408,0
39598,202408,0
96403,202408,0
6431,202408,0
6470,202408,0
9701,202408,0
9888,202408,0
55012,202408,0
9898,202408,0
77387,202408,0
85930,202408,0
30777,202408,0
61480,202408,0
50580,202408,0
58742,202408,0
81274,202408,0
15472,202408,0
21912,202408,0
92973,202408,0
37949,202408,0
20590,202408,0
49851,202408,0
15075,202408,0
68430,202408,0
68430,202408,0
68430,202408,0
57877,202408,0
34315,202408,0
51598,202408,0
36961,202408,0
620,202408,0
7416,202408,0
72263,202408,0
61129,202408,0
71207,202408,0
74267,202408,0
74894,202408,0
95015,202408,0
921,202408,0
96101,202408,0
79727,202408,0
37840,202408,0
6716,202408,0
73470,202408,0
86506,202408,0
57493,202408,0
62421,202408,0
79967,202408,0
86842,202408,0
93651,202408,0
97588,202408,0
18022,202408,0
42,202408,0
3838,202408,0
25363,202408,0
44883,202408,0
66143,202408,0
54447,202408,0
4772,202408,0
40404,202408,0
42765,202408,0
95896,202408,0
90877,202408,0
5699,202408,0
45252,202408,0
59538,202408,0
29638,202408,0
54507,202408,0
54507,202408,0
73913,202408,0
83834,202408,1
18797,202408,0
34334,202408,0
36424,202408,0
51065,202408,0
86002,202408,0
17613,202408,0
24299,202408,0
48552,202408,1
85491,202408,0
32557,202408,0
43214,202408,0
42975,202408,0
11317,202408,0
91059,202408,0
89979,202408,1
93718,202408,0
65080,202408,0
99054,202408,0
48138,202408,0
63814,202408,0
33324,202408,0
62212,202408,0
79960,202408,0
76413,202408,0
43591,202408,0
31540,202408,0
82198,202408,0
49746,202408,1
35466,202408,0
38417,202408,0
88056,202408,0
62463,202408,0
98017,202408,0
87346,202408,0
1506,202408,0
43341,202408,0
90491,202408,0
9116,202408,0
16107,202408,0
39073,202408,0
62190,202408,0
62190,202408,0
73345,202408,0
91336,202408,0
1191,202408,0
81253,202408,0
526,202408,0
3667,202408,0
76749,202408,0
76749,202408,0
47453,202408,0
98347,202408,0
13235,202408,0
30529,202408,0
82234,202408,0
82234,202408,0
93523,202408,0
84115,202408,0
68279,202408,0
70209,202408,0
40906,202408,0
87458,202408,0
88476,202408,0
26248,202408,0
84769,202408,0
89006,202408,0
30077,202408,0
72878,202408,0
71673,202408,0
71673,202408,0
37280,202408,0
42529,202408,0
6518,202408,0
75386,202408,1
38876,202408,0
51359,202408,0
59781,202408,0
60810,202408,0
52282,202408,0
70968,202408,0
7912,202408,0
67145,202408,0
4684,202408,0
91661,202408,0
76146,202408,0
51973,202408,0
80843,202408,0
62074,202408,0
41402,202408,0
24161,202408,0
96716,202408,0
55558,202408,0
92354,202408,0
36350,202408,0
79012,202408,0
77005,202408,0
54129,202408,0
34771,202408,0
70567,202408,0
95084,202408,0
78499,202408,0
35066,202408,0
28858,202408,0
90258,202408,0
65392,202408,0
3411,202408,1
49095,202408,0
21950,202408,0
1446,202408,0
74359,202408,0
6557,202408,0
94154,202408,0
63375,202408,0
62312,202408,1
27482,202408,0
44729,202408,0
69760,202408,0
33572,202408,0
93278,202408,0
27381,202408,0
34665,202408,0
42686,202408,1
68450,202408,0
56424,202408,0
14633,202408,0
45498,202408,0
17597,202408,0
46445,202408,0
66322,202408,0
35813,202408,0
28485,202408,0
85021,202408,0
92993,202408,0
17876,202408,0
16884,202408,0
56853,202408,0
36006,202408,0
87242,202408,0
2315,202408,0
52195,202408,0
92363,202408,0
72956,202408,0
3498,202408,0
3498,202408,0
96789,202408,0
5144,202408,0
98261,202408,0
88209,202408,0
86729,202408,0
83071,202408,0
26951,202408,0
3647,202408,0
51095,202408,0
48668,202408,0
62464,202408,0
7571,202408,0
40010,202408,0
33273,202408,0
15794,202408,0
59275,202408,0
12811,202408,0
4511,202408,0
38378,202408,0
12571,202408,0
16229,202408,0
91068,202408,0
73974,202408,0
28831,202408,0
95937,202408,0
80149,202408,0
63218,202408,0
60461,202408,0
41427,202408,0
76517,202408,0
93317,202408,0
19797,202408,0
69170,202408,0
44293,202408,0
19779,202408,0
43673,202408,0
12344,202408,0
72615,202408,0
55006,202408,0
76455,202408,0
58624,202408,0
74889,202408,0
3668,202408,0
84255,202408,0
58651,202408,0
11696,202408,0
15416,202408,0
71439,202408,0
1549,202408,0
69556,202408,0
12367,202408,0
18377,202408,0
92774,202408,0
15074,202408,0
47545,202408,0
20863,202408,0
28883,202408,0
92832,202408,0
53796,202408,0
77784,202408,0
36593,202408,0
10061,202408,0
27062,202408,0
99942,202408,0
8842,202408,0
93121,202408,0
44684,202408,0
8820,202408,0
13436,202408,0
87562,202408,0
91996,202408,0
37408,202408,0
59962,202408,0
16387,202408,0
57762,202408,0
85921,202408,0
26284,202408,0
70014,202408,0
45478,202408,0
41070,202408,0
89465,202408,0
39784,202408,0
23682,202408,0
42771,202408,0
87771,202408,0
46084,202408,0
93345,202408,0
93345,202408,0
76528,202408,0
76552,202408,0
76552,202408,0
50709,202408,0
19089,202408,0
39538,202408,0
11771,202408,0
71365,202408,0
32956,202408,0
5114,202408,0
5277,202408,0
81078,202408,0
25262,202408,0
60400,202408,0
90616,202408,0
13316,202408,0
11849,202408,0
76879,202408,0
50732,202408,0
45290,202408,0
30392,202408,0
21999,202408,0
45974,202408,0
9840,202408,0
89708,202408,0
78505,202408,0
50115,202408,0
61388,202408,0
10644,202408,0
56000,202408,0
355,202408,0
58421,202408,0
63812,202408,0
14183,202408,0
14538,202408,0
19974,202408,0
13175,202408,0
65210,202408,0
95740,202408,0
41365,202408,0
39527,202408,0
41300,202408,0
38409,202408,0
53980,202408,0
36258,202408,0
71780,202408,0
52627,202408,0
73496,202408,0
7940,202408,0
84901,202408,0
62041,202408,0
86082,202408,0
28748,202408,0
60699,202408,0
99896,202408,0
9662,202408,0
57708,202408,0
79170,202408,0
98909,202408,0
58951,202408,0
70505,202408,0
85689,202408,0
55924,202408,0
26658,202408,0
20141,202408,0
84994,202408,0
9857,202408,0
21741,202408,0
22007,202408,0
56472,202408,0
2066,202408,0
41447,202408,0
28942,202408,0
34923,202408,0
28911,202408,0
38671,202408,0
74857,202408,0
39260,202408,0
39337,202408,1
13986,202408,0
78677,202408,0
51678,202408,0
54076,202408,0
55619,202408,0
92615,202408,0
16496,202408,0
23859,202408,0
33333,202408,0
64604,202408,0
41428,202408,0
70056,202408,0
91433,202408,0
89435,202408,0
33659,202408,0
5696,202408,0
94269,202408,0
69416,202408,0
79665,202408,0
83546,202408,0
66627,202408,0
73531,202408,0
95715,202408,0
85662,202408,0
85003,202408,0
41972,202408,0
25083,202408,0
92725,202408,0
93110,202408,0
77605,202408,0
6738,202408,0
82441,202408,0
81308,202408,0
95118,202408,0
75911,202408,0
96786,202408,0
82694,202408,0
40148,202408,0
43130,202408,0
40755,202408,0
82143,202408,0
77453,202408,0
24786,202408,0
79900,202408,0
71575,202408,0
69713,202408,1
37364,202408,0
30995,202408,0
27311,202408,0
50252,202408,0
5254,202408,0
7024,202408,0
67826,202408,0
35040,202408,0
35040,202408,0
93173,202408,0
23471,202408,0
9761,202408,0
20771,202408,0
2040,202408,0
1296,202408,0
72211,202408,0
80365,202408,0
80492,202408,0
4057,202408,0
64284,202408,0
84249,202408,0
84249,202408,0
29469,202408,0
36408,202408,0
96287,202408,0
56614,202408,0
50756,202408,0
71235,202408,0
21112,202408,0
9122,202408,0
334,202408,0
60764,202408,0
16292,202408,0
45812,202408,0
49377,202408,0
49377,202408,0
49377,202408,0
61398,202408,0
54628,202408,0
93699,202408,0
33431,202408,0
95148,202408,0
29104,202408,0
17064,202408,0
74729,202408,0
16853,202408,0
96070,202408,0
48379,202408,0
62658,202408,0
56454,202408,0
11045,202408,0
18042,202408,0
38228,202408,0
77959,202408,0
16226,202408,0
72654,202408,0
96125,202408,0
20731,202408,0
32558,202408,0
41781,202408,0
12363,202408,0
88509,202408,0
28305,202408,1
45841,202408,0
1195,202408,0
69698,202408,0
79052,202408,0
13025,202408,0
50383,202408,0
72593,202408,0
18379,202408,0
52099,202408,0
70259,202408,0
45816,202408,0
49646,202408,0
55117,202408,0
55117,202408,0
28657,202408,0
15212,202408,0
95257,202408,0
51120,202408,0
16465,202408,0
74503,202408,0
91670,202408,0
88837,202408,0
9322,202408,0
67735,202408,0
3650,202408,0
7504,202408,0
64926,202408,0
14931,202408,0
63463,202408,0
35360,202408,0
65803,202408,0
82554,202408,0
59719,202408,0
6962,202408,0
63039,202408,0
39788,202408,0
56646,202408,0
85307,202408,0
43185,202408,0
44085,202408,0
19989,202408,0
44159,202408,0
10526,202408,0
23869,202408,1
31851,202408,0
91512,202408,0
10722,202408,0
26927,202408,0
79752,202408,0
53292,202408,0
710,202408,0
710,202408,0
710,202408,0
66338,202408,0
62663,202408,0
32282,202408,0
72916,202408,0
51258,202408,0
10155,202408,0
92811,202408,0
4470,202408,0
57260,202408,0
4575,202408,0
5528,202408,0
51142,202408,0
75029,202408,0
71298,202408,0
40410,202408,0
38997,202408,0
81181,202408,0
60873,202408,0
3997,202408,0
43857,202408,0
24170,202408,0
62607,202408,0
27982,202408,0
27829,202408,0
27829,202408,0
50371,202408,0
98808,202408,0
76951,202408,0
3151,202408,0
31223,202408,0
58749,202408,0
85906,202408,0
11718,202408,0
3010,202408,0
37128,202408,0
53301,202408,0
20166,202408,0
4861,202408,0
31916,202408,0
78626,202408,0
85810,202408,0
69621,202408,0
56439,202408,0
12929,202408,0
85956,202408,0
68153,202408,0
55686,202408,0
20399,202408,0
13193,202408,0
10291,202408,0
44699,202408,0
94817,202408,0
56392,202408,0
1056,202408,0
8838,202408,0
11596,202408,0
32313,202408,0
15252,202408,0
62336,202408,0
81410,202408,0
97794,202408,0
44132,202408,1
32535,202408,0
62282,202408,0
77866,202408,0
25637,202408,0
26929,202408,0
24496,202408,0
61788,202408,0
32742,202408,0
33922,202408,1
99750,202408,0
43578,202408,0
81678,202408,0
61679,202408,0
81148,202408,0
6222,202408,0
15037,202408,0
84872,202408,0
11843,202408,0
92176,202408,0
7511,202408,1
6891,202408,0
68102,202408,0
86372,202408,0
49277,202408,0
37159,202408,0
79260,202408,0
82661,202408,0
90766,202408,0
88446,202408,0
4426,202408,0
9830,202408,0
39230,202408,0
46126,202408,0
34103,202408,0
99765,202408,0
68758,202408,0
33470,202408,0
4564,202408,0
66037,202408,0
42266,202408,0
57978,202408,0
89120,202408,0
70102,202408,0
22610,202408,0
70467,202408,0
46729,202408,0
8136,202408,0
67289,202408,0
62611,202408,0
13788,202408,0
31518,202408,0
3417,202408,0
10782,202408,0
49397,202408,0
74003,202408,0
5535,202408,0
55665,202408,0
91732,202408,0
38999,202408,0
31744,202408,0
19334,202408,0
82957,202408,0
60376,202408,0
86032,202408,0
39537,202408,0
40025,202408,0
96948,202408,0
13691,202408,0
86645,202408,0
78821,202408,0
73183,202408,0
64775,202408,0
18906,202408,0
50343,202408,0
43092,202408,0
6038,202408,0
320,202408,0
35080,202408,0
13871,202408,0
61875,202408,0
86102,202408,0
23517,202408,0
25649,202408,0
19800,202408,1
87575,202408,0
89010,202408,0
76143,202408,0
76143,202408,0
76143,202408,0
40036,202408,0
30846,202408,0
68503,202408,0
75459,202408,0
1023,202408,0
15031,202408,0
38453,202408,0
43813,202408,0
8025,202408,0
44725,202408,0
85105,202408,0
30850,202408,0
8140,202408,0
29629,202408,0
56017,202408,0
59209,202408,0
63658,202408,0
56061,202408,0
23376,202408,0
59515,202408,0
75663,202408,0
53535,202408,0
95682,202408,0
95682,202408,0
95682,202408,0
95682,202408,0
95682,202408,0
90182,202408,0
27922,202408,0
14461,202408,0
48947,202408,0
28334,202408,0
86224,202408,1
57929,202408,0
2245,202408,0
55810,202408,0
69906,202408,0
83847,202408,0
73878,202408,0
68046,202408,0
55136,202408,0
85914,202408,0
24614,202408,0
95466,202408,0
5525,202408,0
2362,202408,0
32806,202408,0
22138,202408,0
4456,202408,0
3718,202408,0
46705,202408,0
9874,202408,0
33156,202408,0
47001,202408,0
11963,202408,0
51692,202408,0
32664,202408,0
21079,202408,0
48489,202408,0
93813,202408,0
80282,202408,0
14868,202408,0
51930,202408,0
33271,202408,0
88689,202408,0
50087,202408,0
78203,202408,0
25123,202408,0
46315,202408,0
59911,202408,0
1082,202408,0
77830,202408,0
34010,202408,0
71109,202408,0
77517,202408,0
94316,202408,0
69894,202408,0
64769,202408,0
85849,202408,0
91370,202408,0
45957,202408,0
28793,202408,0
96523,202408,0
97248,202408,0
25861,202408,0
64396,202408,1
59912,202408,0
72518,202408,0
94246,202408,0
94825,202408,0
18978,202408,0
93999,202408,0
56905,202408,0
85573,202408,0
58969,202408,0
65277,202408,0
95741,202408,0
24551,202408,0
48063,202408,0
5538,202408,0
47283,202408,0
91201,202408,0
75756,202408,0
82558,202408,0
71563,202408,0
85257,202408,0
57112,202408,0
26448,202408,0
77220,202408,0
60947,202408,0
95916,202408,0
23087,202408,0
4119,202408,0
88722,202408,0
6109,202408,0
47658,202408,0
79980,202408,0
38171,202408,0
13657,202408,0
88813,202408,0
29701,202408,0
13026,202408,0
80595,202408,0
50798,202408,0
51437,202408,0
35431,202408,0
11952,202408,0
53901,202408,0
81994,202408,0
98722,202408,0
67743,202408,0
99854,202408,0
39600,202408,0
64359,202408,0
4683,202408,0
4616,202408,0
72705,202408,0
85608,202408,0
56038,202408,0
89815,202408,0
95310,202408,0
42330,202408,0
86552,202408,0
67054,202408,0
20396,202408,0
60687,202408,0
80083,202408,0
88992,202408,0
48094,202408,0
45092,202408,0
46753,202408,0
91126,202408,0
90607,202408,0
21047,202408,0
21047,202408,0
38065,202408,0
92664,202408,0
7918,202408,0
97706,202408,0
64727,202408,0
82627,202408,0
9047,202408,0
26083,202408,0
55805,202408,0
6466,202408,0
27520,202408,0
16976,202408,0
75149,202408,0
75149,202408,0
59562,202408,0
77054,202408,0
77054,202408,0
88764,202408,0
3037,202408,1
70161,202408,0
93764,202408,0
89888,202408,0
64600,202408,0
47217,202408,0
25044,202408,0
24395,202408,0
35375,202408,0
31259,202408,0
43848,202408,0
87115,202408,0
16839,202408,0
86337,202408,0
6632,202408,0
17203,202408,0
92575,202408,0
34284,202408,0
37268,202408,0
88791,202408,0
10798,202408,0
37820,202408,0
83813,202408,0
51982,202408,0
84384,202408,0
69469,202408,0
27595,202408,0
76347,202408,0
95458,202408,0
4690,202408,0
36715,202408,0
56080,202408,0
39583,202408,0
96382,202408,0
96137,202408,0
74615,202408,0
19509,202408,0
9739,202408,0
36211,202408,0
90714,202408,0
6372,202408,0
6372,202408,0
11456,202408,0
63022,202408,0
31468,202408,0
31468,202408,0
31468,202408,0
56268,202408,0
65801,202408,0
60630,202408,0
12715,202408,0
73368,202408,0
32417,202408,0
2563,202408,0
12018,202408,0
16774,202408,0
16833,202408,0
11503,202408,0
40422,202408,0
40422,202408,0
12003,202408,0
94457,202408,0
69049,202408,0
93311,202408,0
59621,202408,0
90186,202408,0
59634,202408,0
3382,202408,0
22492,202408,0
6044,202408,0
54758,202408,0
7764,202408,0
3311,202408,0
18660,202408,0
83343,202408,0
33728,202408,0
28907,202408,0
14488,202408,0
95843,202408,0
54678,202408,0
76339,202408,0
29066,202408,0
95728,202408,0
8997,202408,0
50785,202408,0
76443,202408,0
31786,202408,0
89560,202408,0
98495,202408,0
20212,202408,0
32994,202408,0
70805,202408,0
16494,202408,0
32083,202408,0
79658,202408,0
66352,202408,0
54374,202408,1
57728,202408,0
56642,202408,0
629,202408,0
25250,202408,0
9284,202408,0
11794,202408,0
65331,202408,0
96767,202408,0
32745,202408,0
70980,202408,0
6595,202408,1
50035,202408,0
8846,202408,0
39396,202408,0
80560,202408,0
21614,202408,0
41141,202408,0
18851,202408,0
51370,202408,0
77020,202408,0
30752,202408,0
50875,202408,0
15546,202408,0
46261,202408,0
17069,202408,0
57746,202408,0
47068,202408,0
42741,202408,0
90308,202408,0
82683,202408,0
83622,202408,0
79149,202408,0
73338,202408,0
53201,202408,0
6839,202408,0
89040,202408,0
25043,202408,0
90698,202408,1
52997,202408,0
64111,202408,0
56119,202408,0
73981,202408,0
23120,202408,0
77786,202408,0
16499,202408,0
58431,202408,0
67133,202408,0
3699,202408,0
80194,202408,0
40870,202408,0
49834,202408,0
70310,202408,0
48454,202408,1
10189,202408,0
44123,202408,0
7803,202408,0
57487,202408,0
95482,202408,0
46973,202408,0
40283,202408,0
68399,202408,0
22927,202408,0
6462,202408,0
25912,202408,0
90999,202408,0
50175,202408,0
40808,202408,0
1294,202408,0
67737,202408,0
26086,202408,0
40030,202408,0
85237,202408,0
62070,202408,0
29860,202408,0
66370,202408,0
1459,202408,0
87009,202408,0
55635,202408,1
45532,202408,0
6260,202408,0
31224,202408,1
2093,202408,0
16409,202408,0
712,202408,0
55119,202408,0
1768,202408,0
66512,202408,0
45167,202408,0
37554,202408,0
58824,202408,0
12313,202408,0
26814,202408,0
57035,202408,0
7251,202408,0
62202,202408,0
62202,202408,0
10852,202408,0
54599,202408,0
81686,202408,0
87499,202408,0
84991,202408,0
84991,202408,0
49643,202408,0
34903,202408,0
78617,202408,0
79683,202408,0
47397,202408,0
60920,202408,0
79047,202408,0
24183,202408,0
84377,202408,0
8380,202408,0
85837,202408,0
86038,202408,0
98193,202408,0
26418,202408,0
2896,202408,0
92161,202408,0
39283,202408,0
64366,202408,0
3776,202408,0
73576,202408,0
28928,202408,0
32610,202408,0
71868,202408,0
51850,202408,0
19581,202408,0
53582,202408,0
93325,202408,0
15874,202408,0
28510,202408,0
85124,202408,0
65757,202408,0
3836,202408,0
90460,202408,0
64663,202408,0
9807,202408,0
33031,202408,0
15591,202408,0
80976,202408,0
78154,202408,0
21828,202408,0
50433,202408,0
94551,202408,0
75652,202408,0
20861,202408,0
17094,202408,0
7147,202408,0
23619,202408,0
85668,202408,0
37916,202408,0
16799,202408,0
66103,202408,0
66103,202408,0
86443,202408,0
76045,202408,0
93695,202408,0
53451,202408,0
43744,202408,0
28027,202408,0
49011,202408,0
45128,202408,0
27040,202408,0
41383,202408,0
72519,202408,0
13902,202408,0
63273,202408,0
28621,202408,0
16974,202408,0
8089,202408,0
25931,202408,0
80146,202408,0
77975,202408,0
25570,202408,0
64143,202408,0
26404,202408,0
41697,202408,0
46730,202408,0
4824,202408,0
73625,202408,0
49187,202408,0
90306,202408,0
73860,202408,0
90430,202408,0
64489,202408,0
81788,202408,0
94638,202408,0
39657,202408,0
96453,202408,0
36496,202408,0
53342,202408,0
58862,202408,0
87201,202408,0
37064,202408,0
79403,202408,0
67167,202408,0
40575,202408,0
74692,202408,0
75683,202408,0
92244,202408,0
63442,202408,0
18102,202408,0
41627,202408,0
31198,202408,0
27644,202408,0
35601,202408,0
4744,202408,0
1358,202408,0
85825,202408,0
63157,202408,0
63064,202408,0
40049,202408,0
41232,202408,0
11691,202408,0
84397,202408,0
82430,202408,0
83801,202408,0
7248,202408,0
30396,202408,0
17084,202408,0
90190,202408,0
14778,202408,0
79100,202408,0
12956,202408,0
33365,202408,0
96486,202408,0
49539,202408,0
44983,202408,0
11746,202408,1
94875,202408,0
46638,202408,0
12909,202408,0
67807,202408,0
47793,202408,0
85578,202408,0
60943,202408,0
73665,202408,0
58798,202408,0
54848,202408,1
25205,202408,0
86520,202408,0
58627,202408,0
99354,202408,0
25880,202408,0
52274,202408,0
33000,202408,0
14933,202408,0
15842,202408,0
8006,202408,0
56585,202408,0
46136,202408,0
49593,202408,0
86771,202408,0
17522,202408,0
64964,202408,0
64964,202408,0
43580,202408,0
63785,202408,0
44165,202408,0
63321,202408,0
24948,202408,0
17873,202408,0
13261,202408,0
9783,202408,0
24198,202408,0
46492,202408,0
72401,202408,0
99011,202408,0
47074,202408,0
27252,202408,0
75519,202408,0
71224,202408,0
23202,202408,0
25061,202408,0
207,202408,0
71769,202408,0
21442,202408,0
37605,202408,0
44564,202408,0
8357,202408,0
13841,202408,0
67148,202408,0
71351,202408,0
71335,202408,0
17578,202408,0
46226,202408,0
22235,202408,0
10813,202408,0
40789,202408,0
69040,202408,0
28806,202408,0
12456,202408,0
94336,202408,0
46686,202408,0
1583,202408,0
73289,202408,0
22163,202408,0
46079,202408,0
54351,202408,0
25945,202408,0
96602,202408,0
15058,202408,0
60867,202408,0
24591,202408,0
40543,202408,0
77144,202408,0
78374,202408,0
2673,202408,0
26595,202408,0
67646,202408,0
29554,202408,0
75346,202408,0
11295,202408,0
87733,202408,0
77841,202408,0
4386,202408,0
74779,202408,0
40580,202408,0
60879,202408,0
9341,202408,0
90859,202408,0
42828,202408,0
58675,202408,0
90387,202408,0
81510,202408,0
36045,202408,0
43278,202408,0
50960,202408,0
68240,202408,0
84829,202408,0
55441,202408,0
74338,202408,0
26072,202408,0
96522,202408,0
91585,202408,0
1166,202408,0
76251,202408,0
48418,202408,0
25098,202408,0
40588,202408,0
39852,202408,0
66996,202408,0
28745,202408,0
12110,202408,0
82402,202408,0
84849,202408,0
77577,202408,0
11394,202408,0
38143,202408,0
70051,202408,0
91050,202408,0
59387,202408,0
59387,202408,0
66066,202408,0
91413,202408,0
52785,202408,0
73685,202408,0
22213,202408,0
84927,202408,0
91202,202408,0
76934,202408,0
34338,202408,0
98285,202408,0
31228,202408,0
78314,202408,0
11436,202408,0
68649,202408,0
68649,202408,0
80278,202408,0
74349,202408,0
74349,202408,0
37029,202408,0
56859,202408,1
89520,202408,0
21016,202408,0
93462,202408,0
49236,202408,0
19532,202408,0
57237,202408,0
47762,202408,0
20747,202408,0
10662,202408,0
48251,202408,0
52682,202408,0
52682,202408,0
11758,202408,0
7676,202408,0
36065,202408,0
94620,202408,0
60084,202408,0
2879,202408,0
18677,202408,0
10893,202408,0
67600,202408,0
61394,202408,0
49741,202408,0
13346,202408,0
93027,202408,0
38676,202408,0
30526,202408,0
50893,202408,0
54384,202408,0
14511,202408,0
63720,202408,0
19722,202408,0
68106,202408,0
4033,202408,0
68528,202408,0
44444,202408,0
10942,202408,0
8622,202408,0
99562,202408,0
58618,202408,0
27824,202408,0
20201,202408,0
74063,202408,0
74916,202408,0
90142,202408,0
34569,202408,0
98561,202408,0
79929,202408,0
53733,202408,0
86353,202408,0
22925,202408,0
87402,202408,0
64870,202408,0
69186,202408,0
52510,202408,0
88193,202408,0
47015,202408,0
54591,202408,0
35988,202408,0
97267,202408,0
86613,202408,0
17648,202408,0
49223,202408,0
44651,202408,0
55383,202408,0
96130,202408,0
83042,202408,0
31752,202408,0
20910,202408,0
41785,202408,0
9226,202408,0
59694,202408,0
10629,202408,0
67100,202408,0
50955,202408,0
50955,202408,0
78631,202408,0
47160,202408,0
27548,202408,0
98754,202408,0
26434,202408,0
19833,202408,0
62118,202408,0
68157,202408,0
96831,202408,0
1207,202408,0
49928,202408,0
84718,202408,0
20179,202408,0
31077,202408,0
52164,202408,0
66644,202408,0
49209,202408,0
88723,202408,0
45551,202408,0
52368,202408,0
55273,202408,1
30413,202408,0
96276,202408,0
17207,202408,0
55143,202408,0
6629,202408,0
22894,202408,0
7710,202408,0
32919,202408,0
70938,202408,0
11362,202408,0
28794,202408,0
63441,202408,0
69781,202408,0
35341,202408,0
22569,202408,0
63488,202408,0
59123,202408,0
1603,202408,0
49144,202408,0
77238,202408,0
52256,202408,0
725,202408,0
34599,202408,0
45068,202408,0
47628,202408,0
15847,202408,0
46964,202408,0
40155,202408,0
29206,202408,0
69878,202408,0
82743,202408,0
28988,202408,0
18457,202408,0
6403,202408,0
72589,202408,0
92587,202408,0
29199,202408,0
52873,202408,0
24613,202408,0
12039,202408,0
30440,202408,0
58147,202408,0
68357,202408,0
91587,202408,0
72141,202408,0
15875,202408,0
7518,202408,0
85422,202408,0
25877,202408,0
76024,202408,0
60504,202408,0
83435,202408,0
7140,202408,0
63773,202408,0
70608,202408,0
21064,202408,0
84776,202408,0
81054,202408,0
70291,202408,0
69974,202408,0
29092,202408,0
55339,202408,0
38621,202408,0
52503,202408,0
32681,202408,0
39498,202408,0
59955,202408,0
23339,202408,0
71182,202408,0
5461,202408,0
65694,202408,0
50386,202408,0
83496,202408,0
38085,202408,0
94963,202408,0
6514,202408,0
70189,202408,0
4887,202408,0
33165,202408,0
64199,202408,0
77873,202408,0
29588,202408,0
7746,202408,0
54088,202408,0
89584,202408,0
22178,202408,0
64689,202408,0
54954,202408,0
76789,202408,0
61168,202408,0
51381,202408,0
23586,202408,0
17811,202408,0
27602,202408,0
80845,202408,0
62753,202408,0
21195,202408,0
52300,202408,0
60060,202408,0
58891,202408,0
63192,202408,0
1205,202408,1
55278,202408,0
65811,202408,0
71774,202408,0
27663,202408,0
33344,202408,0
55561,202408,0
42666,202408,0
48249,202408,0
86104,202408,0
98728,202408,0
84856,202408,0
80016,202408,0
61833,202408,0
92134,202408,0
27635,202408,0
50814,202408,0
70362,202408,0
28343,202408,0
82384,202408,0
28975,202408,0
10134,202408,0
30701,202408,0
34150,202408,0
54323,202408,0
50166,202408,0
88465,202408,0
97815,202408,0
64345,202408,0
9315,202408,1
80426,202408,0
93670,202408,0
70707,202408,0
68268,202408,0
45201,202408,0
56375,202408,0
18038,202408,0
13763,202408,0
61635,202408,0
37358,202408,0
30830,202408,0
603,202408,0
76369,202408,0
62664,202408,0
39693,202408,0
81696,202408,0
60632,202408,0
45780,202408,0
22814,202408,0
69609,202408,0
77905,202408,0
93073,202408,0
61952,202408,0
93837,202408,0
15080,202408,0
15080,202408,0
4935,202408,0
42112,202408,0
29155,202408,0
62351,202408,0
60365,202408,0
1958,202408,0
45379,202408,0
50246,202408,0
91922,202408,0
67858,202408,0
79612,202408,0
73835,202408,0
6480,202408,0
9044,202408,0
75992,202408,0
19669,202408,0
85509,202408,0
96659,202408,0
57067,202408,0
13661,202408,0
13661,202408,0
25475,202408,0
6307,202408,0
35108,202408,0
77674,202408,0
69533,202408,0
20318,202408,0
83009,202408,0
98054,202408,0
89068,202408,0
2221,202408,0
87390,202408,0
60985,202408,0
7279,202408,0
68144,202408,0
20704,202408,0
14853,202408,0
86466,202408,0
79854,202408,0
12481,202408,0
50907,202408,0
79460,202408,0
89393,202408,0
89393,202408,0
89393,202408,0
31866,202408,0
65351,202408,0
96289,202408,0
71361,202408,0
2561,202408,0
35634,202408,0
53277,202408,0
95483,202408,0
4827,202408,0
29683,202408,0
46710,202408,0
50970,202408,0
50970,202408,0
50970,202408,0
13879,202408,0
89228,202408,0
19382,202408,0
35307,202408,0
26957,202408,0
96920,202408,0
33047,202408,0
61881,202408,0
9059,202408,0
31035,202408,0
33001,202408,0
81827,202408,0
81864,202408,0
73303,202408,0
89712,202408,0
71841,202408,0
71841,202408,0
71841,202408,0
71841,202408,0
71841,202408,0
31968,202408,0
51650,202408,0
91991,202408,0
70375,202408,0
98678,202408,0
56060,202408,0
7662,202408,0
7662,202408,0
62657,202408,0
96888,202408,0
56407,202408,0
21309,202408,0
14169,202408,0
82278,202408,0
84527,202408,0
76524,202408,0
76524,202408,0
46179,202408,0
57743,202408,0
20654,202408,0
86902,202408,0
87072,202408,0
4440,202408,0
4440,202408,0
55481,202408,0
74820,202408,0
62798,202408,0
7749,202408,0
21344,202408,0
21344,202408,0
21344,202408,0
60938,202408,1
96199,202408,0
98947,202408,0
53485,202408,0
81056,202408,0
79000,202408,0
78748,202408,1
18565,202408,0
4970,202408,0
79310,202408,0
47577,202408,0
84512,202408,0
20156,202408,0
86882,202408,0
94652,202408,0
87806,202408,0
81197,202408,0
68820,202408,0
51304,202408,0
37012,202408,0
29527,202408,0
83714,202408,0
73095,202408,1
621,202408,0
99923,202408,0
59746,202408,0
76890,202408,0
45038,202408,0
45038,202408,0
85604,202408,0
19511,202408,0
94822,202408,0
44273,202408,0
97619,202408,0
37726,202408,0
26071,202408,0
21169,202408,0
37568,202408,0
63678,202408,0
92884,202408,0
50908,202408,0
29665,202408,0
36236,202408,0
4552,202408,0
46836,202408,0
99171,202408,0
40271,202408,0
21755,202408,0
34839,202408,0
9213,202408,0
22845,202408,0
36027,202408,0
33970,202408,0
43351,202408,0
96360,202408,0
95263,202408,0
18918,202408,0
17752,202408,0
92236,202408,0
28982,202408,0
42857,202408,0
10808,202408,0
95806,202408,0
50520,202408,0
16118,202408,0
23848,202408,0
62475,202408,0
67986,202408,0
50767,202408,0
57314,202408,0
77774,202408,0
70785,202408,0
10939,202408,0
64574,202408,0
38992,202408,0
79969,202408,0
55695,202408,0
34684,202408,0
74543,202408,0
61290,202408,0
52937,202408,0
67195,202408,0
87320,202408,0
17256,202408,1
61146,202408,0
63687,202408,0
90399,202408,0
26931,202408,0
13853,202408,0
71644,202408,0
63244,202408,0
63952,202408,0
69968,202408,0
69968,202408,0
98459,202408,0
498,202408,0
28921,202408,0
87748,202408,0
25394,202408,0
94631,202408,0
42749,202408,0
75642,202408,0
97299,202408,0
35481,202408,0
86196,202408,0
14675,202408,0
15333,202408,0
54420,202408,0
73215,202408,0
77989,202408,0
14987,202408,0
14987,202408,0
21726,202408,0
84070,202408,0
58089,202408,0
13126,202408,0
15164,202408,0
39732,202408,0
21809,202408,0
57232,202408,0
64884,202408,0
90908,202408,0
51105,202408,0
75248,202408,0
71369,202408,0
1541,202408,0
18395,202408,0
44800,202408,0
4476,202408,0
47150,202408,0
72841,202408,0
54209,202408,0
96308,202408,0
2579,202408,0
48459,202408,0
47523,202408,0
5687,202408,0
2532,202408,0
62558,202408,0
6504,202408,0
91128,202408,0
72203,202408,0
52995,202408,0
47164,202408,0
98977,202408,0
3399,202408,0
51656,202408,0
15128,202408,0
79852,202408,0
79852,202408,0
33923,202408,0
97089,202408,0
87004,202408,1
97541,202408,0
71561,202408,0
60582,202408,0
8,202408,0
22340,202408,0
90803,202408,1
44503,202408,0
59459,202408,0
73520,202408,0
95252,202408,0
79732,202408,0
36206,202408,0
52093,202408,0
54978,202408,0
78963,202408,0
32087,202408,0
26901,202408,0
50924,202408,0
50924,202408,0
29024,202408,0
79933,202408,0
56827,202408,0
97000,202408,0
4121,202408,0
13146,202408,0
93342,202408,0
35086,202408,0
80237,202408,0
42293,202408,0
47642,202408,1
85755,202408,0
18866,202408,0
16671,202408,0
1130,202408,0
77950,202408,0
51279,202408,0
51279,202408,0
56801,202408,0
32546,202408,0
35184,202408,0
44096,202408,0
12547,202408,0
66831,202408,0
12061,202408,0
15061,202408,0
74811,202408,0
17872,202408,0
92269,202408,0
34667,202408,0
58120,202408,0
32854,202408,0
5187,202408,0
88350,202408,0
72370,202408,0
13259,202408,0
42610,202408,0
50490,202408,0
68899,202408,0
22042,202408,0
51762,202408,0
94081,202408,0
11184,202408,0
30598,202408,0
35870,202408,0
88227,202408,0
45843,202408,0
61689,202408,0
24248,202408,0
70278,202408,0
78690,202408,0
81013,202408,0
57531,202408,0
20562,202408,0
88095,202408,0
16558,202408,0
26005,202408,0
73270,202408,0
59880,202408,0
99031,202408,0
83115,202408,0
18232,202408,0
59598,202408,0
88225,202408,0
2434,202408,0
33346,202408,0
57261,202408,0
15697,202408,0
72592,202408,0
12080,202408,0
88790,202408,0
4127,202408,0
39786,202408,1
38753,202408,0
53868,202408,0
92978,202408,0
50607,202408,0
2336,202408,0
70006,202408,0
22185,202408,0
50623,202408,0
92427,202408,0
96221,202408,0
87946,202408,0
50778,202408,0
65953,202408,0
16652,202408,0
81669,202408,0
19103,202408,0
56339,202408,0
69895,202408,0
47486,202408,0
94172,202408,0
60136,202408,0
78666,202408,0
9188,202408,0
19134,202408,0
92684,202408,0
5669,202408,0
60441,202408,0
73503,202408,0
34502,202408,0
90807,202408,0
66405,202408,0
4533,202408,0
37696,202408,0
89199,202408,0
65394,202408,0
19502,202408,0
96884,202408,0
49690,202408,0
80717,202408,0
52760,202408,0
34047,202408,0
21906,202408,1
77375,202408,0
23480,202408,0
42776,202408,0
38391,202408,0
21595,202408,0
61629,202408,0
19301,202408,0
34039,202408,0
1845,202408,0
84017,202408,0
98397,202408,0
14241,202408,0
18921,202408,1
87416,202408,0
31522,202408,0
4281,202408,0
15821,202408,0
22361,202408,0
86060,202408,0
88260,202408,0
82730,202408,0
23448,202408,0
62360,202408,0
12570,202408,0
27480,202408,0
45451,202408,0
50034,202408,0
19915,202408,0
74556,202408,0
97255,202408,0
33349,202408,0
79630,202408,0
99064,202408,0
72672,202408,0
74177,202408,0
5933,202408,0
1636,202408,0
86924,202408,0
69750,202408,0
3747,202408,0
48258,202408,0
77398,202408,0
77398,202408,0
63963,202408,0
99069,202408,0
35599,202408,0
225,202408,0
225,202408,0
225,202408,0
57732,202408,0
50787,202408,0
97720,202408,0
97720,202408,0
34669,202408,0
78918,202408,0
4630,202408,0
33808,202408,0
40055,202408,0
3992,202408,0
13296,202408,0
44622,202408,0
82733,202408,0
18872,202408,0
86376,202408,0
96975,202408,0
94397,202408,0
5111,202408,0
17150,202408,0
45228,202408,0
4580,202408,0
85432,202408,0
77544,202408,0
77544,202408,0
77544,202408,0
12006,202408,0
67824,202408,0
91324,202408,0
257,202408,0
31428,202408,0
36136,202408,0
33189,202408,0
73858,202408,0
60122,202408,0
82875,202408,0
3506,202408,0
54703,202408,0
86861,202408,0
58335,202408,0
7156,202408,0
87232,202408,0
51788,202408,0
95854,202408,0
78403,202408,0
4447,202408,0
1186,202408,0
40655,202408,0
20968,202408,0
68054,202408,0
94815,202408,0
39174,202408,0
55738,202408,0
43931,202408,0
1981,202408,0
63777,202408,0
22135,202408,0
89205,202408,1
95189,202408,0
2883,202408,0
48264,202408,0
82857,202408,0
13465,202408,0
87349,202408,0
39535,202408,0
24351,202408,0
16630,202408,0
5587,202408,0
27909,202408,0
43370,202408,0
9361,202408,0
99989,202408,0
80992,202408,0
45144,202408,0
13198,202408,0
71885,202408,0
35597,202408,0
20583,202408,0
29731,202408,0
10059,202408,0
88504,202408,0
71651,202408,0
73432,202408,0
53170,202408,0
43018,202408,0
76639,202408,0
90945,202408,0
38788,202408,0
40420,202408,0
91392,202408,0
84218,202408,0
8442,202408,0
34024,202408,0
29999,202408,0
31907,202408,1
37313,202408,0
34954,202408,0
28139,202408,0
10368,202408,0
93419,202408,0
29136,202408,0
2248,202408,0
69089,202408,0
60454,202408,0
89785,202408,0
44811,202408,0
95037,202408,0
2065,202408,0
16140,202408,0
17617,202408,0
11692,202408,0
82054,202408,0
86610,202408,0
27940,202408,0
44019,202408,0
73760,202408,0
22675,202408,0
47112,202408,0
96261,202408,0
99575,202408,0
43893,202408,0
76607,202408,0
2775,202408,0
36044,202408,0
23575,202408,0
70988,202408,0
21649,202408,0
44121,202408,0
53319,202408,0
62891,202408,0
58385,202408,0
95213,202408,0
48368,202408,0
27396,202408,0
77259,202408,0
82273,202408,0
60415,202408,0
70449,202408,0
59539,202408,0
10845,202408,0
16061,202408,0
54558,202408,0
94288,202408,0
34817,202408,0
99098,202408,0
30453,202408,0
37048,202408,0
38728,202408,0
94173,202408,0
10237,202408,1
68512,202408,0
6692,202408,0
91820,202408,0
91820,202408,0
91820,202408,0
72278,202408,0
12779,202408,0
69933,202408,1
4651,202408,0
59639,202408,0
34538,202408,0
60872,202408,0
25099,202408,0
28789,202408,0
5905,202408,0
70604,202408,0
27124,202408,0
79723,202408,0
51893,202408,0
66161,202408,0
2446,202408,0
13519,202408,0
97990,202408,0
697,202408,0
73222,202408,0
58,202408,0
18966,202408,0
16104,202408,0
7685,202408,0
23851,202408,0
26444,202408,0
62838,202408,0
63139,202408,0
94876,202408,0
53874,202408,0
77561,202408,0
40684,202408,0
61186,202408,0
80451,202408,0
80451,202408,0
21290,202408,0
47007,202408,0
32696,202408,0
57588,202408,0
64834,202408,0
81646,202408,0
21783,202408,0
18807,202408,0
73632,202408,0
950,202408,0
63300,202408,0
60599,202408,0
50834,202408,0
52566,202408,0
47434,202408,0
61422,202408,0
75214,202408,0
84433,202408,0
56325,202408,0
39730,202408,0
35364,202408,0
53429,202408,0
1757,202408,0
43964,202408,0
86718,202408,0
74319,202408,0
76008,202408,0
71872,202408,0
5982,202408,0
6048,202408,0
6048,202408,0
36037,202408,0
58533,202408,0
55616,202408,0
23056,202408,1
5783,202408,0
92628,202408,0
39487,202408,0
65471,202408,0
4371,202408,0
4371,202408,0
4371,202408,0
71179,202408,0
15629,202408,0
9819,202408,0
13176,202408,0
20086,202408,0
46842,202408,0
2479,202408,0
21557,202408,0
52218,202408,0
79428,202408,0
86236,202408,0
71750,202408,0
71750,202408,0
29485,202408,0
40215,202408,0
86067,202408,0
23280,202408,0
67895,202408,0
5089,202408,0
3061,202408,0
51708,202408,0
23723,202408,0
31922,202408,0
72005,202408,0
64781,202408,0
25062,202408,1
50891,202408,0
38136,202408,0
79026,202408,0
645,202408,0
43073,202408,1
20104,202408,0
81551,202408,0
67762,202408,0
26232,202408,0
28360,202408,0
76006,202408,0
12825,202408,0
2814,202408,0
25296,202408,0
76698,202408,0
78544,202408,0
44578,202408,0
68461,202408,0
17218,202408,0
29553,202408,0
43312,202408,0
84653,202408,0
32853,202408,0
13666,202408,0
28673,202408,0
24667,202408,0
82152,202408,0
28691,202408,0
91871,202408,0
82235,202408,0
76305,202408,0
4218,202408,0
10826,202408,0
38678,202408,0
75614,202408,0
42399,202408,0
71601,202408,0
78873,202408,0
9633,202408,0
12081,202408,0
19513,202408,0
97823,202408,0
81101,202408,0
553,202408,0
81285,202408,0
29117,202408,0
34033,202408,0
97842,202408,0
61208,202408,0
2802,202408,0
22009,202408,0
90220,202408,0
604,202408,0
6428,202408,0
21179,202408,0
13204,202408,0
70633,202408,0
55062,202408,0
98938,202408,0
4780,202408,0
84935,202408,0
49785,202408,0
26691,202408,0
20985,202408,0
95194,202408,0
58290,202408,0
82571,202408,0
27701,202408,0
19060,202408,0
68339,202408,0
1979,202408,0
42812,202408,0
50114,202408,0
30286,202408,0
61608,202408,0
92398,202408,0
88102,202408,0
6179,202408,0
46967,202408,0
33697,202408,0
62449,202408,0
2307,202408,0
88180,202408,0
7462,202408,0
66555,202408,0
85629,202408,0
44746,202408,0
30260,202408,0
30260,202408,0
30260,202408,0
30260,202408,0
30260,202408,0
39843,202408,0
43138,202408,0
88734,202408,0
72031,202408,0
76507,202408,0
26332,202408,0
61732,202408,0
93147,202408,0
42435,202408,0
33643,202408,0
33643,202408,0
29408,202408,0
29408,202408,0
82974,202408,0
35681,202408,0
55239,202408,0
30551,202408,0
87364,202408,0
66514,202408,0
57278,202408,0
62487,202408,1
21663,202408,0
71675,202408,0
55746,202408,0
51566,202408,0
55096,202408,0
22516,202408,0
41397,202408,0
40045,202408,0
91404,202408,0
86230,202408,0
28655,202408,0
17446,202408,0
34198,202408,0
91646,202408,0
33002,202408,0
31926,202408,0
99147,202408,0
23646,202408,0
31149,202408,0
96608,202408,0
70985,202408,0
66730,202408,0
92391,202408,0
78526,202408,0
70509,202408,0
79154,202408,0
36086,202408,0
23235,202408,0
868,202408,0
41456,202408,0
75157,202408,0
88459,202408,0
26941,202408,0
43390,202408,0
1496,202408,0
34030,202408,0
22154,202408,0
81531,202408,0
80607,202408,0
59782,202408,0
62802,202408,0
44877,202408,0
44877,202408,0
44877,202408,0
44877,202408,0
9415,202408,0
27469,202408,0
80592,202408,0
40526,202408,0
29400,202408,0
90709,202408,0
90709,202408,0
90709,202408,0
34333,202408,0
12979,202408,0
64330,202408,0
56151,202408,0
35358,202408,0
36214,202408,0
36214,202408,0
33339,202408,0
64616,202408,0
39490,202408,0
10601,202408,0
9159,202408,0
53608,202408,0
60417,202408,0
72295,202408,0
9588,202408,0
13694,202408,0
15398,202408,0
70405,202408,0
61781,202408,0
14236,202408,0
32675,202408,0
92055,202408,0
36997,202408,0
56019,202408,0
52900,202408,0
45345,202408,0
24856,202408,0
35781,202408,0
37053,202408,0
53509,202408,0
90495,202408,0
51110,202408,0
64137,202408,0
52610,202408,0
13558,202408,0
41542,202408,0
93498,202408,0
14520,202408,0
14749,202408,0
31628,202408,0
9831,202408,0
70338,202408,0
12764,202408,0
77755,202408,0
71209,202408,0
43603,202408,0
80133,202408,0
45117,202408,0
93861,202408,0
69519,202408,0
18575,202408,0
90358,202408,0
54335,202408,0
28411,202408,0
9722,202408,0
99852,202408,0
35060,202408,0
22981,202408,0
99205,202408,0
66507,202408,0
69788,202408,0
52742,202408,1
20535,202408,0
71996,202408,0
71996,202408,0
39468,202408,0
75822,202408,0
60057,202408,0
82309,202408,0
96293,202408,0
42471,202408,0
3636,202408,0
33268,202408,0
15029,202408,0
92209,202408,0
10198,202408,0
58356,202408,0
82923,202408,0
93118,202408,0
37055,202408,0
40891,202408,0
58986,202408,0
99561,202408,0
45112,202408,0
33913,202408,0
37836,202408,0
37836,202408,0
35718,202408,0
69877,202408,0
26475,202408,0
38257,202408,0
82462,202408,0
72285,202408,0
62087,202408,0
15251,202408,0
7963,202408,0
91485,202408,0
27802,202408,0
86062,202408,0
27115,202408,0
39506,202408,0
3124,202408,0
31189,202408,0
99572,202408,0
42075,202408,0
49532,202408,0
93476,202408,0
6250,202408,0
33311,202408,0
37891,202408,0
13858,202408,1
29804,202408,0
89553,202408,0
60603,202408,1
50827,202408,0
52670,202408,0
25601,202408,0
17415,202408,0
6394,202408,0
32448,202408,0
26185,202408,0
57164,202408,0
85927,202408,0
72484,202408,0
77540,202408,0
69954,202408,0
54843,202408,0
91381,202408,0
80888,202408,0
63297,202408,0
47705,202408,0
64749,202408,0
1380,202408,0
60094,202408,0
81860,202408,0
24191,202408,0
89673,202408,0
36041,202408,0
69306,202408,1
53480,202408,0
7895,202408,0
70670,202408,0
84845,202408,0
84845,202408,0
83876,202408,0
2458,202408,0
91301,202408,0
33500,202408,0
3343,202408,0
32958,202408,0
30819,202408,0
33681,202408,0
10294,202408,0
10294,202408,0
10294,202408,0
75924,202408,0
81451,202408,0
8910,202408,0
3954,202408,0
88571,202408,0
12741,202408,0
46570,202408,0
51508,202408,0
77773,202408,0
14760,202408,0
70979,202408,0
44970,202408,0
97390,202408,0
28753,202408,0
84809,202408,0
76456,202408,0
29712,202408,0
92438,202408,1
76139,202408,0
43202,202408,0
48565,202408,0
23006,202408,0
79826,202408,0
82133,202408,0
99339,202408,0
48786,202408,0
29064,202408,0
56013,202408,0
85147,202408,0
90574,202408,0
5456,202408,1
5456,202408,1
78942,202408,0
47236,202408,0
63266,202408,0
58149,202408,0
43252,202408,0
80302,202408,0
47973,202408,1
42922,202408,0
81597,202408,0
90195,202408,0
99901,202408,1
7751,202408,1
97121,202408,0
5205,202408,0
60483,202408,0
93138,202408,0
82448,202408,0
33570,202408,0
87574,202408,0
43645,202408,0
30664,202408,0
28078,202408,0
2767,202408,0
1171,202408,0
74671,202408,0
4748,202408,0
56951,202408,0
17721,202408,0
47327,202408,0
13382,202408,0
20337,202408,0
5266,202408,0
88525,202408,0
26392,202408,0
23048,202408,0
24749,202408,0
49803,202408,0
9942,202408,0
21544,202408,0
72374,202408,0
39587,202408,0
97138,202408,0
76583,202408,0
88532,202408,0
79547,202408,0
85862,202408,0
19464,202408,0
41909,202408,0
70202,202408,0
26213,202408,0
40875,202408,0
60292,202408,0
47775,202408,0
58665,202408,0
59526,202408,0
67484,202408,0
58062,202408,0
8770,202408,0
24634,202408,0
36321,202408,0
82916,202408,0
24082,202408,0
24082,202408,0
94942,202408,0
57533,202408,0
59480,202408,0
19367,202408,0
1616,202408,0
98771,202408,0
7708,202408,0
77890,202408,0
99119,202408,0
50030,202408,0
81179,202408,0
97785,202408,0
49206,202408,0
81094,202408,0
69432,202408,0
98007,202408,0
44934,202408,0
91771,202408,0
67155,202408,0
35617,202408,0
52731,202408,0
52731,202408,0
73294,202408,0
84311,202408,0
27562,202408,0
1593,202408,0
71897,202408,0
71897,202408,0
52869,202408,0
8327,202408,0
3093,202408,0
57932,202408,0
89099,202408,0
98896,202408,0
16863,202408,0
78018,202408,0
88721,202408,0
98603,202408,0
60846,202408,0
44932,202408,0
10224,202408,0
81658,202408,0
43119,202408,0
49126,202408,0
71856,202408,0
16209,202408,0
61221,202408,0
53760,202408,0
85470,202408,0
85470,202408,0
46813,202408,0
34029,202408,0
76848,202408,0
27473,202408,0
12372,202408,0
43394,202408,0
49484,202408,0
12647,202408,0
25151,202408,0
73514,202408,0
71012,202408,0
16761,202408,0
67055,202408,0
21487,202408,0
44367,202408,0
61942,202408,0
84434,202408,0
26294,202408,0
6187,202408,0
43429,202408,0
85467,202408,0
4217,202408,0
81295,202408,0
28678,202408,0
89611,202408,0
67386,202408,0
19947,202408,0
40113,202408,0
50402,202408,0
7088,202408,0
84206,202408,0
90288,202408,0
98149,202408,0
10870,202408,0
36050,202408,0
52476,202408,0
63558,202408,1
33945,202408,0
55111,202408,0
93099,202408,0
11279,202408,0
25593,202408,0
81019,202408,0
33783,202408,0
25204,202408,0
138,202408,0
96106,202408,0
78102,202408,0
87386,202408,0
65951,202408,0
67765,202408,0
81287,202408,0
93864,202408,0
24070,202408,0
78449,202408,0
98642,202408,0
48327,202408,0
26370,202408,0
2691,202408,0
54163,202408,0
61249,202408,0
18676,202408,0
10173,202408,0
74815,202408,0
55518,202408,0
3253,202408,0
27317,202408,0
85365,202408,0
1194,202408,0
60238,202408,0
43895,202408,0
22487,202408,0
63094,202408,0
56285,202408,0
36472,202408,0
37189,202408,0
49372,202408,0
89690,202408,0
2642,202408,0
40735,202408,0
59001,202408,0
52897,202408,0
55480,202408,0
12112,202408,0
79846,202408,0
87412,202408,0
51072,202408,0
69640,202408,0
67981,202408,0
51085,202408,0
42156,202408,0
62801,202408,0
40396,202408,0
35836,202408,0
91443,202408,0
59106,202408,0
76198,202408,0
12546,202408,0
36934,202408,0
31804,202408,0
70483,202408,0
70483,202408,0
25735,202408,0
66072,202408,0
11415,202408,0
18637,202408,0
75237,202408,1
32472,202408,0
95977,202408,0
12135,202408,0
56894,202408,0
42341,202408,0
25387,202408,0
33293,202408,0
82277,202408,0
20623,202408,0
58899,202408,0
39115,202408,0
1673,202408,0
13037,202408,0
61338,202408,0
19051,202408,0
61806,202408,0
75207,202408,0
82111,202408,0
51137,202408,0
63723,202408,0
31205,202408,0
21671,202408,0
67102,202408,0
26367,202408,0
59479,202408,0
58065,202408,0
35906,202408,0
16534,202408,0
1849,202408,0
11342,202408,0
48790,202408,0
62062,202408,0
66881,202408,0
83210,202408,0
19544,202408,1
94533,202408,0
69989,202408,0
87709,202408,0
1630,202408,0
27798,202408,0
79726,202408,0
92075,202408,0
5755,202408,0
33576,202408,0
51561,202408,0
61305,202408,0
96796,202408,0
6079,202408,0
94037,202408,0
41903,202408,0
41903,202408,0
55648,202408,0
94260,202408,0
32162,202408,0
86844,202408,0
31419,202408,0
52704,202408,0
21299,202408,0
45702,202408,0
60018,202408,0
13803,202408,0
33942,202408,0
22918,202408,1
93525,202408,0
62465,202408,0
55390,202408,0
49476,202408,0
94000,202408,0
10500,202408,0
66489,202408,0
11237,202408,0
28492,202408,0
14124,202408,0
8959,202408,0
72101,202408,0
60543,202408,0
43932,202408,1
82634,202408,0
44474,202408,0
94501,202408,0
46552,202408,0
24521,202408,0
77716,202408,0
70900,202408,0
60179,202408,0
75357,202408,0
45312,202408,0
66127,202408,0
74583,202408,0
44267,202408,0
79844,202408,0
9814,202408,0
40618,202408,0
59363,202408,0
36551,202408,0
93744,202408,0
13362,202408,0
68813,202408,0
37957,202408,0
8706,202408,0
84116,202408,0
59649,202408,1
86593,202408,0
92132,202408,0
96954,202408,0
22891,202408,0
49019,202408,0
38512,202408,0
10315,202408,0
73814,202408,0
75143,202408,0
25219,202408,0
20238,202408,0
50646,202408,0
72099,202408,0
66614,202408,0
61,202408,0
77889,202408,0
1761,202408,0
10260,202408,0
10260,202408,0
76705,202408,0
1156,202408,0
97216,202408,0
5218,202408,0
61131,202408,0
9048,202408,0
64570,202408,0
826,202408,0
95440,202408,0
96082,202408,0
69308,202408,0
3356,202408,0
94539,202408,0
69116,202408,0
14180,202408,0
83069,202408,0
28429,202408,0
1711,202408,0
93870,202408,0
68760,202408,0
13594,202408,0
41687,202408,0
20673,202408,0
65623,202408,0
90817,202408,0
69031,202408,0
25389,202408,0
2438,202408,0
41884,202408,0
73060,202408,0
11048,202408,0
98181,202408,0
80311,202408,0
17230,202408,0
8730,202408,0
94834,202408,0
13317,202408,0
81234,202408,0
51688,202408,0
10400,202408,0
32235,202408,0
48867,202408,0
2071,202408,0
26625,202408,0
70425,202408,0
77467,202408,0
52129,202408,0
2371,202408,0
4405,202408,0
31170,202408,0
80258,202408,0
77308,202408,0
50652,202408,0
43110,202408,0
24223,202408,0
76181,202408,0
68414,202408,0
67292,202408,0
85702,202408,0
96860,202408,0
19319,202408,0
20052,202408,0
31854,202408,0
26618,202408,0
2493,202408,0
75491,202408,0
16310,202408,0
29098,202408,0
66226,202408,0
12098,202408,0
6192,202408,0
42389,202408,0
59739,202408,0
82918,202408,0
70149,202408,0
44220,202408,0
59113,202408,0
63165,202408,0
62638,202408,0
7501,202408,0
47407,202408,0
96836,202408,0
96836,202408,0
96836,202408,0
60013,202408,0
28461,202408,0
8944,202408,0
3999,202408,0
48653,202408,0
48303,202408,0
76923,202408,0
73855,202408,0
87896,202408,0
25200,202408,0
81884,202408,0
76449,202408,0
52588,202408,0
17093,202408,0
8702,202408,0
82614,202408,0
47625,202408,0
64361,202408,0
56174,202408,0
34058,202408,0
61750,202408,0
26616,202408,0
4016,202408,0
35952,202408,0
65991,202408,0
69851,202408,0
54114,202408,0
61540,202408,0
61540,202408,0
6963,202408,0
83864,202408,0
47429,202408,0
79774,202408,0
13827,202408,0
69148,202408,0
89254,202408,0
89254,202408,0
89254,202408,0
13284,202408,0
18318,202408,0
15103,202408,0
22640,202408,0
16238,202408,0
88416,202408,0
81336,202408,0
8229,202408,0
49743,202408,0
79650,202408,0
21759,202408,0
96061,202408,0
18226,202408,0
11818,202408,0
84632,202408,0
90070,202408,0
45022,202408,0
12648,202408,0
67677,202408,0
18911,202408,0
48782,202408,0
68915,202408,0
40586,202408,0
51481,202408,0
28213,202408,0
67830,202408,0
51877,202408,0
64404,202408,0
99448,202408,0
73597,202408,0
81982,202408,0
34858,202408,0
2777,202408,0
82502,202408,0
76996,202408,0
14820,202408,0
11630,202408,0
14171,202408,0
90472,202408,0
59045,202408,0
8754,202408,0
81051,202408,0
16632,202408,0
37112,202408,0
79518,202408,0
86706,202408,0
44794,202408,0
63882,202408,0
63882,202408,0
22611,202408,0
36270,202408,0
98313,202408,0
66434,202408,0
87921,202408,0
83226,202408,0
24202,202408,0
96798,202408,0
57038,202408,0
98123,202408,0
84214,202408,0
23687,202408,0
87598,202408,0
6770,202408,0
4303,202408,0
68029,202408,0
11025,202408,0
82041,202408,0
95034,202408,0
91535,202408,0
96678,202408,0
2726,202408,0
35280,202408,0
99911,202408,0
98617,202408,0
98617,202408,0
98617,202408,0
53217,202408,0
98669,202408,0
54279,202408,0
43491,202408,0
52826,202408,0
94886,202408,0
32401,202408,1
17671,202408,0
38827,202408,0
4310,202408,0
6050,202408,0
65298,202408,0
60997,202408,0
24099,202408,0
24099,202408,0
24179,202408,0
4697,202408,0
42790,202408,0
40591,202408,0
48049,202408,0
50661,202408,0
40028,202408,0
48878,202408,0
47883,202408,0
54053,202408,1
54755,202408,0
78903,202408,0
8933,202408,0
30553,202408,0
85667,202408,0
73706,202408,0
15337,202408,0
66170,202408,0
89004,202408,0
17299,202408,0
45876,202408,0
23412,202408,0
8342,202408,0
53532,202408,0
80758,202408,0
96872,202408,0
13627,202408,0
73238,202408,0
51274,202408,0
35767,202408,0
72323,202408,0
90281,202408,0
43339,202408,0
55688,202408,0
48621,202408,0
65193,202408,0
66849,202408,0
36974,202408,0
1021,202408,0
58472,202408,0
56573,202408,0
10046,202408,0
45911,202408,0
31609,202408,0
13065,202408,0
90706,202408,0
49124,202408,0
27230,202408,0
74105,202408,0
80478,202408,0
90677,202408,0
85584,202408,0
76165,202408,0
65426,202408,0
91476,202408,0
45703,202408,0
7915,202408,0
78509,202408,0
18092,202408,0
58380,202408,1
60041,202408,0
33693,202408,0
48092,202408,0
80346,202408,0
65306,202408,0
88034,202408,0
81155,202408,0
88626,202408,0
41317,202408,0
40651,202408,0
41718,202408,0
45725,202408,0
32072,202408,0
16838,202408,0
18683,202408,1
55014,202408,0
63990,202408,0
53790,202408,0
72256,202408,0
14293,202408,0
72762,202408,0
72762,202408,0
34143,202408,0
37808,202408,0
10907,202408,0
10907,202408,0
10907,202408,0
40914,202408,0
93365,202408,0
57668,202408,0
36369,202408,0
65777,202408,0
65596,202408,0
47044,202408,0
49957,202408,0
69024,202408,0
71992,202408,0
36957,202408,0
52722,202408,0
44572,202408,0
88594,202408,0
36900,202408,0
97463,202408,0
42370,202408,0
93346,202408,0
5956,202408,1
29732,202408,0
27726,202408,0
10562,202408,0
42626,202408,0
5274,202408,1
40274,202408,0
38392,202408,0
39078,202408,0
54580,202408,0
54580,202408,0
54580,202408,0
79206,202408,0
65201,202408,0
53757,202408,0
27024,202408,0
33097,202408,0
33097,202408,0
86806,202408,0
21114,202408,0
28765,202408,0
80988,202408,0
47256,202408,0
74107,202408,0
81232,202408,0
17305,202408,0
6744,202408,0
36042,202408,0
37746,202408,0
67290,202408,0
55386,202408,0
14769,202408,0
63060,202408,0
78814,202408,0
96332,202408,0
74763,202408,0
58611,202408,0
29609,202408,0
82010,202408,0
64914,202408,0
376,202408,0
89129,202408,0
28718,202408,0
93757,202408,0
49068,202408,0
55168,202408,0
41479,202408,0
94556,202408,0
60642,202408,0
91147,202408,1
7795,202408,0
56343,202408,0
24993,202408,0
22559,202408,0
79767,202408,0
65408,202408,0
46409,202408,0
85882,202408,0
46011,202408,1
385,202408,0
72440,202408,0
33727,202408,0
11528,202408,0
7934,202408,1
46993,202408,0
94115,202408,0
25466,202408,0
6690,202408,0
62846,202408,0
9277,202408,0
41672,202408,0
29478,202408,0
81556,202408,0
22836,202408,0
14810,202408,0
13013,202408,0
62729,202408,0
98742,202408,0
4205,202408,0
48593,202408,0
69203,202408,0
95150,202408,0
95150,202408,0
67741,202408,0
30485,202408,0
8087,202408,0
98847,202408,0
90748,202408,0
63026,202408,0
3570,202408,0
66104,202408,0
19549,202408,0
56753,202408,0
99132,202408,0
35216,202408,0
95268,202408,0
44241,202408,0
2677,202408,0
15778,202408,0
14186,202408,0
60751,202408,0
72258,202408,0
2880,202408,0
55402,202408,0
55017,202408,0
32560,202408,0
31843,202408,0
64503,202408,0
13927,202408,0
18244,202408,0
89044,202408,0
37823,202408,0
40232,202408,0
8893,202408,0
11661,202408,0
43400,202408,0
95624,202408,0
60329,202408,0
41314,202408,0
67736,202408,0
39910,202408,0
47373,202408,0
77134,202408,0
67540,202408,0
24110,202408,0
5367,202408,0
5367,202408,0
5367,202408,0
99913,202408,0
45678,202408,0
22080,202408,0
49427,202408,1
68494,202408,0
1736,202408,0
29505,202408,0
61733,202408,0
53025,202408,0
12905,202408,0
37080,202408,0
4461,202408,0
77586,202408,0
1924,202408,0
31941,202408,0
30937,202408,0
68719,202408,0
39589,202408,1
79818,202408,0
92981,202408,0
92981,202408,0
45982,202408,0
91678,202408,0
51996,202408,0
76547,202408,0
99232,202408,0
9413,202408,0
25928,202408,0
43250,202408,0
94370,202408,0
93969,202408,0
70341,202408,0
93418,202408,0
56669,202408,0
56669,202408,0
94066,202408,0
42861,202408,0
44682,202408,0
82958,202408,0
52800,202408,0
56547,202408,0
89128,202408,0
57811,202408,0
63769,202408,0
12517,202408,0
57319,202408,0
15042,202408,0
7478,202408,0
32071,202408,0
87653,202408,0
75951,202408,0
64614,202408,0
41258,202408,0
44408,202408,0
84295,202408,0
893,202408,0
54922,202408,0
9876,202408,0
35414,202408,0
79724,202408,0
13050,202408,0
56605,202408,0
56605,202408,0
56605,202408,0
56605,202408,0
1231,202408,0
43109,202408,0
27234,202408,0
65211,202408,0
98698,202408,0
77634,202408,0
61086,202408,0
71869,202408,0
59215,202408,0
8724,202408,0
73508,202408,0
65347,202408,0
35527,202408,0
76061,202408,0
46216,202408,0
58121,202408,0
49661,202408,1
45279,202408,0
5435,202408,0
49695,202408,0
97393,202408,0
10861,202408,0
85275,202408,1
81105,202408,0
81105,202408,0
11846,202408,0
45014,202408,0
31534,202408,0
19607,202408,0
56309,202408,0
77197,202408,0
2012,202408,0
52250,202408,0
27664,202408,0
38917,202408,0
11784,202408,0
11784,202408,0
68303,202408,0
24287,202408,0
10831,202408,0
46356,202408,0
75223,202408,0
92312,202408,0
61657,202408,0
58580,202408,0
78816,202408,0
78816,202408,0
78816,202408,0
69307,202408,0
86309,202408,0
99586,202408,0
78310,202408,0
12920,202408,0
17198,202408,0
36004,202408,0
37275,202408,0
70184,202408,0
37682,202408,0
64771,202408,0
67353,202408,0
33943,202408,0
64624,202408,0
31825,202408,0
61598,202408,0
64065,202408,0
64065,202408,0
64065,202408,0
48695,202408,0
82299,202408,0
671,202408,0
98559,202408,0
22558,202408,0
73682,202408,0
61403,202408,0
84492,202408,0
49477,202408,0
76824,202408,1
78398,202408,0
22264,202408,0
6936,202408,0
22267,202408,0
7741,202408,0
97165,202408,0
59992,202408,0
59992,202408,0
26371,202408,0
59429,202408,0
93950,202408,0
92129,202408,0
63320,202408,0
19785,202408,0
99126,202408,0
87274,202408,0
30334,202408,0
54645,202408,0
45554,202408,0
84677,202408,0
18830,202408,0
17574,202408,0
72262,202408,0
19044,202408,0
72074,202408,0
99595,202408,0
92553,202408,0
11698,202408,0
25898,202408,0
15776,202408,0
79957,202408,0
15341,202408,0
68433,202408,0
18729,202408,0
23437,202408,0
8800,202408,1
48312,202408,0
71913,202408,0
67948,202408,0
4058,202408,0
73849,202408,0
36447,202408,0
98387,202408,0
37678,202408,0
56178,202408,0
38770,202408,0
59925,202408,0
50147,202408,0
71822,202408,0
91851,202408,0
29909,202408,0
93461,202408,0
2228,202408,0
62119,202408,0
54640,202408,0
29765,202408,0
80545,202408,0
84364,202408,1
42449,202408,0
84053,202408,0
5963,202408,0
41473,202408,0
12226,202408,0
57692,202408,0
76183,202408,0
49618,202408,0
98043,202408,0
66461,202408,0
91205,202408,0
31995,202408,0
21967,202408,0
39450,202408,0
88681,202408,0
41387,202408,0
27143,202408,0
99829,202408,0
59804,202408,0
56334,202408,1
13223,202408,0
18336,202408,0
32248,202408,1
14412,202408,0
70834,202408,0
30690,202408,0
40448,202408,0
80035,202408,0
18342,202408,0
46453,202408,0
66796,202408,0
2711,202408,0
31093,202408,0
97192,202408,0
1696,202408,0
85216,202408,0
83053,202408,0
89949,202408,0
68319,202408,0
44065,202408,0
66117,202408,0
28705,202408,0
53910,202408,0
70297,202408,0
69133,202408,0
76027,202408,0
36293,202408,0
11593,202408,0
13428,202408,0
22633,202408,0
18202,202408,0
6909,202408,0
80572,202408,0
31682,202408,0
21618,202408,0
68030,202408,1
87327,202408,0
52681,202408,0
56053,202408,0
37078,202408,0
44561,202408,0
30061,202408,0
87067,202408,0
2912,202408,0
60115,202408,0
88572,202408,0
96015,202408,0
83375,202408,0
1450,202408,0
19812,202408,0
27770,202408,0
90875,202408,0
57224,202408,0
77270,202408,0
56014,202408,0
8196,202408,0
78916,202408,0
78916,202408,0
75181,202408,0
32425,202408,0
92367,202408,0
26169,202408,0
3990,202408,0
15067,202408,0
13060,202408,0
61542,202408,0
59542,202408,0
93298,202408,0
42917,202408,0
35685,202408,0
14138,202408,0
41268,202408,0
93134,202408,0
2148,202408,0
75872,202408,0
31887,202408,0
52970,202408,0
56950,202408,0
56271,202408,0
8015,202408,0
71385,202408,0
81690,202408,0
35052,202408,0
35052,202408,0
43911,202408,0
57549,202408,0
3140,202408,0
58505,202408,0
3648,202408,0
82669,202408,0
78958,202408,0
72277,202408,0
57822,202408,0
58458,202408,0
90506,202408,0
45329,202408,0
35697,202408,0
43620,202408,0
46743,202408,0
65464,202408,0
59317,202408,0
42844,202408,0
25576,202408,0
74941,202408,0
74834,202408,0
89562,202408,0
75985,202408,0
37034,202408,0
2836,202408,0
80134,202408,0
60623,202408,0
72769,202408,0
42222,202408,0
55172,202408,0
99665,202408,0
41310,202408,0
46938,202408,0
19476,202408,0
54774,202408,0
97162,202408,0
43101,202408,0
51482,202408,0
66565,202408,0
46957,202408,0
42178,202408,0
89807,202408,0
64811,202408,0
95804,202408,0
79383,202408,0
86044,202408,0
61031,202408,0
79459,202408,0
65129,202408,0
45467,202408,0
49595,202408,0
84724,202408,0
37170,202408,0
65793,202408,0
67150,202408,0
16572,202408,0
74669,202408,0
84593,202408,0
60628,202408,0
58423,202408,0
86973,202408,0
70733,202408,0
35839,202408,0
47613,202408,0
11140,202408,0
32599,202408,0
69277,202408,0
17318,202408,0
32803,202408,0
81528,202408,0
55368,202408,0
21301,202408,0
25578,202408,0
80355,202408,0
53278,202408,0
66272,202408,0
47210,202408,0
26461,202408,0
39341,202408,0
31339,202408,0
83895,202408,0
64071,202408,0
47747,202408,0
63394,202408,0
54133,202408,0
9710,202408,0
84045,202408,0
90981,202408,0
44989,202408,0
54752,202408,0
11572,202408,0
62265,202408,0
54712,202408,0
31365,202408,0
36077,202408,0
52875,202408,0
38819,202408,0
86713,202408,0
87949,202408,0
5416,202408,0
56701,202408,0
97845,202408,0
55346,202408,0
84853,202408,0
7064,202408,0
94448,202408,0
47348,202408,0
83297,202408,0
38831,202408,0
26161,202408,0
34705,202408,0
63960,202408,0
52677,202408,0
8864,202408,0
52113,202408,1
19006,202408,0
66684,202408,0
68103,202408,0
80199,202408,0
67662,202408,0
87073,202408,0
84216,202408,0
70967,202408,0
63985,202408,0
3529,202408,0
39599,202408,0
65655,202408,0
68272,202408,0
23743,202408,0
54188,202408,0
20453,202408,0
70718,202408,0
92004,202408,0
38739,202408,0
35917,202408,0
97424,202408,0
33606,202408,0
33161,202408,0
83916,202408,0
85644,202408,0
65352,202408,0
78978,202408,0
78920,202408,0
39054,202408,0
5543,202408,0
75312,202408,0
76741,202408,0
94212,202408,0
4747,202408,0
26173,202408,0
61178,202408,0
61178,202408,0
61178,202408,0
61178,202408,0
61178,202408,0
47773,202408,0
93559,202408,0
93559,202408,0
22673,202408,0
56589,202408,0
35887,202408,0
67033,202408,0
81781,202408,0
64895,202408,0
93466,202408,0
67564,202408,0
49522,202408,0
6391,202408,0
98702,202408,0
48651,202408,0
12867,202408,0
95940,202408,0
69258,202408,0
10960,202408,0
8815,202408,0
28922,202408,0
60420,202408,0
92577,202408,0
53199,202408,0
1150,202408,0
70272,202408,0
36735,202408,0
36662,202408,0
30975,202408,0
159,202408,0
30687,202408,0
99392,202408,0
13785,202408,0
99105,202408,0
38581,202408,0
14664,202408,0
12330,202408,0
34065,202408,0
79669,202408,0
79669,202408,0
56348,202408,1
31406,202408,0
45365,202408,0
24336,202408,0
9881,202408,0
29934,202408,0
10694,202408,0
63872,202408,0
62650,202408,0
67163,202408,0
55490,202408,0
28017,202408,0
28017,202408,0
18902,202408,0
62946,202408,0
27626,202408,0
26893,202408,0
50971,202408,0
97687,202408,0
49404,202408,0
9134,202408,0
64257,202408,0
62488,202408,0
47188,202408,0
79156,202408,0
52021,202408,0
17534,202408,0
5593,202408,0
21341,202408,0
87878,202408,0
76777,202408,0
97959,202408,0
80786,202408,0
65787,202408,0
5787,202408,0
79955,202408,1
42135,202408,0
54493,202408,0
40804,202408,0
58602,202408,0
84362,202408,0
59400,202408,0
10010,202408,0
44112,202408,0
51783,202408,0
97833,202408,0
81592,202408,0
44636,202408,0
74334,202408,0
43892,202408,0
15754,202408,0
57451,202408,0
28637,202408,0
98990,202408,0
65291,202408,0
77666,202408,0
34135,202408,0
58178,202408,0
99242,202408,0
40965,202408,0
32189,202408,0
1861,202408,0
95594,202408,0
97152,202408,0
44397,202408,0
34899,202408,0
33155,202408,0
27439,202408,0
66767,202408,0
2712,202408,0
20237,202408,0
52211,202408,0
25947,202408,0
74494,202408,1
81350,202408,0
39257,202408,0
243,202408,0
55706,202408,0
20982,202408,1
28205,202408,0
58311,202408,0
21333,202408,0
2635,202408,0
93334,202408,0
22538,202408,0
74460,202408,0
90827,202408,0
19737,202408,0
47853,202408,0
37553,202408,0
60300,202408,1
86167,202408,0
52944,202408,0
66574,202408,0
29690,202408,0
79102,202408,0
68014,202408,0
75928,202408,0
37399,202408,0
92103,202408,0
2703,202408,0
96645,202408,0
29349,202408,0
94975,202408,0
62498,202408,0
92694,202408,0
85393,202408,0
47716,202408,0
66632,202408,0
85917,202408,0
22008,202408,0
20501,202408,0
49049,202408,0
66319,202408,0
80610,202408,0
43763,202408,0
72689,202408,0
62755,202408,0
44452,202408,0
89115,202408,0
89115,202408,0
96080,202408,0
6965,202408,0
15045,202408,0
44249,202408,0
96169,202408,0
12749,202408,0
98646,202408,0
324,202408,0
7404,202408,0
16567,202408,0
53474,202408,0
48435,202408,0
50874,202408,0
1612,202408,0
48238,202408,0
37209,202408,0
49559,202408,0
38578,202408,0
81366,202408,0
3218,202408,0
28038,202408,0
98914,202408,0
15968,202408,0
33689,202408,0
11326,202408,0
97929,202408,0
44042,202408,0
41154,202408,0
86847,202408,0
46912,202408,0
27543,202408,0
15781,202408,0
61475,202408,0
81112,202408,0
73991,202408,0
60898,202408,0
48046,202408,0
17003,202408,0
77030,202408,0
75827,202408,0
9769,202408,0
99134,202408,0
72890,202408,0
3918,202408,0
11473,202408,1
39692,202408,0
25476,202408,0
65837,202408,0
26733,202408,0
80579,202408,0
93682,202408,0
42745,202408,0
987,202408,0
65791,202408,0
14494,202408,0
16764,202408,0
23413,202408,0
62474,202408,0
75703,202408,0
5664,202408,0
43590,202408,1
33277,202408,0
20943,202408,0
89915,202408,0
68400,202408,0
91839,202408,0
11425,202408,0
89181,202408,0
20722,202408,0
51968,202408,0
10161,202408,0
83482,202408,0
95065,202408,0
87429,202408,0
29457,202408,0
85520,202408,0
5289,202408,0
40901,202408,0
92207,202408,0
65849,202408,0
74329,202408,0
15214,202408,0
15376,202408,0
91444,202408,0
63696,202408,0
95050,202408,0
18225,202408,0
72151,202408,0
40932,202408,0
5443,202408,0
50347,202408,0
7799,202408,0
79275,202408,0
41343,202408,0
64560,202408,0
483,202408,0
64778,202408,0
86778,202408,0
5562,202408,0
91487,202408,0
45248,202408,0
42673,202408,0
39504,202408,0
61950,202408,0
66233,202408,0
63965,202408,0
76893,202408,0
11892,202408,0
54650,202408,0
8593,202408,0
87351,202408,0
38505,202408,0
69875,202408,0
86880,202408,0
26013,202408,0
26013,202408,0
26013,202408,0
23601,202408,0
114,202408,0
66200,202408,0
4592,202408,0
75037,202408,0
30498,202408,0
43475,202408,0
29626,202408,0
68350,202408,0
67590,202408,0
72133,202408,0
16681,202408,0
66092,202408,0
88407,202408,0
14630,202408,0
13417,202408,0
39654,202408,0
13278,202408,0
44765,202408,0
86129,202408,0
99029,202408,0
70653,202408,0
20088,202408,0
59227,202408,0
84387,202408,0
38713,202408,0
31797,202408,0
52762,202408,0
42182,202408,0
17676,202408,0
87622,202408,0
71455,202408,0
12478,202408,0
76653,202408,1
41131,202408,0
65395,202408,0
11609,202408,0
57553,202408,0
51522,202408,0
9786,202408,0
53087,202408,0
39139,202408,0
97145,202408,0
85700,202408,0
11395,202408,0
61641,202408,0
57094,202408,0
73615,202408,0
89269,202408,0
36965,202408,0
65372,202408,0
5807,202408,0
87600,202408,0
47483,202408,0
46024,202408,0
77173,202408,0
33497,202408,0
51665,202408,0
51665,202408,0
68935,202408,0
35105,202408,0
30219,202408,0
56982,202408,0
70082,202408,0
92748,202408,0
78718,202408,0
79376,202408,0
16170,202408,0
41815,202408,0
88901,202408,0
91367,202408,0
45543,202408,0
80552,202408,0
19285,202408,0
37718,202408,0
25628,202408,0
41990,202408,0
3767,202408,0
65962,202408,0
65962,202408,0
7999,202408,0
66745,202408,0
19107,202408,0
47588,202408,0
24341,202408,0
24877,202408,0
51347,202408,0
89947,202408,0
93638,202408,0
26659,202408,0
4225,202408,0
75477,202408,0
86791,202408,0
44871,202408,0
78614,202408,1
13712,202408,0
41385,202408,0
48374,202408,0
49470,202408,0
89351,202408,0
61141,202408,0
36108,202408,0
70833,202408,0
19982,202408,0
60841,202408,0
26686,202408,0
4477,202408,0
73075,202408,0
57797,202408,0
43112,202408,0
3475,202408,0
2351,202408,0
64096,202408,0
62835,202408,0
27112,202408,0
57772,202408,0
2622,202408,0
92123,202408,0
13636,202408,0
52278,202408,0
93808,202408,0
77213,202408,0
13975,202408,0
58100,202408,0
73408,202408,0
43551,202408,1
11722,202408,0
7532,202408,0
31675,202408,0
37815,202408,0
88159,202408,0
25852,202408,0
88400,202408,0
48727,202408,0
26050,202408,0
69418,202408,0
51802,202408,0
10111,202408,0
64324,202408,0
50505,202408,0
32253,202408,0
89183,202408,0
51747,202408,0
98855,202408,0
18724,202408,0
96891,202408,0
32214,202408,0
22654,202408,0
10599,202408,0
71318,202408,0
78905,202408,0
1433,202408,0
88421,202408,0
11693,202408,0
6702,202408,0
37933,202408,0
20112,202408,0
99744,202408,0
90157,202408,0
56377,202408,0
48674,202408,0
99061,202408,0
93765,202408,0
54288,202408,0
6560,202408,0
76005,202408,0
65011,202408,0
19728,202408,0
14540,202408,0
51590,202408,0
66474,202408,0
38017,202408,0
32574,202408,0
7512,202408,0
60023,202408,0
55506,202408,0
43768,202408,0
84918,202408,0
23358,202408,0
28309,202408,0
13931,202408,0
63180,202408,1
55367,202408,0
65819,202408,0
26130,202408,0
29414,202408,0
3709,202408,0
60609,202408,0
45711,202408,0
54342,202408,0
4040,202408,0
36195,202408,1
65043,202408,0
85741,202408,0
25663,202408,0
21836,202408,0
30134,202408,0
36429,202408,0
59030,202408,0
89799,202408,0
42896,202408,0
85565,202408,0
12574,202408,0
7150,202408,0
51135,202408,0
59821,202408,0
96556,202408,0
10928,202408,0
58050,202408,0
32979,202408,0
98518,202408,0
80852,202408,0
45794,202408,0
40477,202408,0
69299,202408,0
58976,202408,0
64401,202408,0
42566,202408,0
84788,202408,0
23715,202408,0
56112,202408,0
46304,202408,0
72883,202408,0
94279,202408,0
15617,202408,0
84650,202408,0
24964,202408,0
24964,202408,0
59779,202408,0
77391,202408,0
70937,202408,0
77366,202408,0
14055,202408,0
14055,202408,0
8350,202408,0
68537,202408,0
82331,202408,0
46775,202408,0
68008,202408,0
68980,202408,0
31708,202408,0
16677,202408,0
33787,202408,0
52694,202408,0
41869,202408,0
27099,202408,0
79779,202408,0
77456,202408,0
35943,202408,0
75114,202408,0
2624,202408,0
2624,202408,0
39103,202408,0
61494,202408,0
56239,202408,0
42104,202408,0
44485,202408,0
90563,202408,0
46249,202408,0
28874,202408,0
25147,202408,0
95352,202408,0
65417,202408,0
47608,202408,0
48625,202408,0
13836,202408,0
26683,202408,0
49039,202408,0
72188,202408,0
61243,202408,0
53754,202408,0
96639,202408,0
19533,202408,0
67695,202408,0
40534,202408,0
41496,202408,0
59454,202408,0
29724,202408,0
68486,202408,0
46050,202408,0
69707,202408,0
83323,202408,0
67176,202408,0
60106,202408,0
4972,202408,0
6933,202408,0
75874,202408,0
47267,202408,0
96496,202408,0
32585,202408,0
24524,202408,0
88454,202408,0
34766,202408,0
74638,202408,0
26151,202408,0
60897,202408,0
87424,202408,0
36710,202408,0
2585,202408,0
51280,202408,0
91957,202408,0
96038,202408,0
70666,202408,0
40759,202408,0
5852,202408,0
10214,202408,0
47432,202408,0
56226,202408,0
64734,202408,0
80670,202408,0
36728,202408,0
24632,202408,0
24256,202408,0
45333,202408,0
56161,202408,0
64097,202408,0
74393,202408,0
27102,202408,0
16842,202408,0
31127,202408,0
91310,202408,0
29830,202408,0
49034,202408,0
69694,202408,0
6190,202408,0
47626,202408,0
57761,202408,0
2155,202408,0
30773,202408,0
50152,202408,0
17246,202408,0
24570,202408,0
50320,202408,0
32567,202408,0
707,202408,0
34679,202408,0
17735,202408,0
6208,202408,0
33738,202408,0
23704,202408,0
23704,202408,0
37393,202408,0
82943,202408,0
59176,202408,0
98894,202408,0
44556,202408,0
83816,202408,0
5216,202408,0
89385,202408,0
63128,202408,0
39779,202408,0
88231,202408,0
75952,202408,0
47253,202408,0
16795,202408,0
24676,202408,0
93114,202408,0
14208,202408,0
17680,202408,0
81644,202408,0
31488,202408,1
28965,202408,0
21254,202408,0
86347,202408,0
46094,202408,0
78933,202408,0
3238,202408,0
82631,202408,0
32458,202408,0
79158,202408,0
96619,202408,0
12200,202408,0
42682,202408,0
44239,202408,0
26076,202408,0
7423,202408,0
79824,202408,0
85477,202408,0
72007,202408,0
13158,202408,0
13158,202408,0
13158,202408,0
88359,202408,0
4000,202408,0
64527,202408,0
43104,202408,0
12396,202408,0
62996,202408,0
47132,202408,0
29449,202408,0
54277,202408,0
746,202408,0
68079,202408,0
57107,202408,0
63271,202408,0
72085,202408,0
46811,202408,0
19537,202408,0
87046,202408,0
51172,202408,0
69513,202408,0
42593,202408,0
30938,202408,0
51988,202408,0
51988,202408,0
54014,202408,0
80220,202408,0
14381,202408,0
84947,202408,0
346,202408,0
54435,202408,0
82338,202408,0
5732,202408,0
12301,202408,0
81011,202408,0
40358,202408,0
63598,202408,0
45785,202408,0
85661,202408,0
31978,202408,0
65808,202408,0
71953,202408,0
82790,202408,0
69279,202408,0
5304,202408,0
46116,202408,0
33131,202408,0
67409,202408,0
96620,202408,0
97659,202408,0
28473,202408,0
70578,202408,0
21997,202408,0
72620,202408,0
89237,202408,0
30616,202408,0
89201,202408,0
95839,202408,0
38990,202408,0
75602,202408,0
91215,202408,0
26239,202408,0
78754,202408,0
63083,202408,0
88647,202408,0
42548,202408,0
57253,202408,0
20332,202408,0
59065,202408,0
66662,202408,0
51218,202408,0
93996,202408,0
52539,202408,0
35959,202408,0
35652,202408,0
45831,202408,0
29650,202408,0
64490,202408,0
53933,202408,0
90191,202408,0
25555,202408,0
50522,202408,0
20388,202408,0
72637,202408,0
18479,202408,0
92708,202408,0
25844,202408,0
60083,202408,0
91754,202408,0
28888,202408,0
28888,202408,0
97168,202408,0
40164,202408,0
53655,202408,0
23537,202408,0
3659,202408,0
55726,202408,0
50501,202408,0
32937,202408,0
7247,202408,0
50945,202408,0
81278,202408,0
50950,202408,0
96680,202408,0
77999,202408,0
15855,202408,0
24077,202408,0
88550,202408,0
36060,202408,0
59068,202408,0
88756,202408,0
73686,202408,0
43541,202408,0
95436,202408,0
24068,202408,0
26749,202408,0
63911,202408,0
41440,202408,0
60724,202408,0
31795,202408,0
21859,202408,0
86090,202408,0
83254,202408,0
9254,202408,0
91748,202408,0
48027,202408,0
88491,202408,0
3070,202408,0
3070,202408,0
40184,202408,0
66580,202408,0
52866,202408,0
93849,202408,0
48047,202408,0
9035,202408,0
84394,202408,0
19911,202408,0
31942,202408,0
80053,202408,0
80053,202408,0
56001,202408,0
87968,202408,0
84166,202408,0
73184,202408,0
64045,202408,0
69382,202408,0
9258,202408,0
12026,202408,0
82465,202408,0
61988,202408,0
46553,202408,0
2179,202408,0
1230,202408,0
43116,202408,0
74560,202408,0
68191,202408,0
88583,202408,0
11686,202408,0
98795,202408,0
7401,202408,0
59557,202408,0
44727,202408,0
94947,202408,0
94058,202408,0
54189,202408,0
8939,202408,0
96492,202408,0
18216,202408,0
30576,202408,0
48271,202408,0
29142,202408,0
20724,202408,0
98725,202408,0
19423,202408,0
23156,202408,0
49093,202408,0
29230,202408,0
24724,202408,0
63551,202408,0
63551,202408,0
69991,202408,0
26508,202408,0
30482,202408,0
43624,202408,0
31545,202408,0
13357,202408,0
23323,202408,0
86403,202408,0
97583,202408,0
63516,202408,0
70181,202408,0
13699,202408,0
26098,202408,0
89144,202408,0
82735,202408,0
73390,202408,0
29809,202408,0
65493,202408,0
70398,202408,0
27758,202408,0
99584,202408,0
32038,202408,0
15463,202408,0
29679,202408,0
79127,202408,0
74920,202408,0
63258,202408,0
35796,202408,0
56977,202408,0
12928,202408,0
48223,202408,0
95472,202408,0
45358,202408,0
93010,202408,0
58503,202408,0
37327,202408,0
13545,202408,0
42869,202408,0
41678,202408,0
26873,202408,0
26873,202408,0
62485,202408,0
86917,202408,0
22071,202408,0
25664,202408,0
97477,202408,0
35160,202408,0
68658,202408,0
21019,202408,0
6245,202408,0
10089,202408,0
3402,202408,0
83094,202408,0
76788,202408,0
50155,202408,0
15480,202408,0
74274,202408,0
57203,202408,0
66137,202408,0
66137,202408,0
82623,202408,0
82205,202408,0
15566,202408,0
87176,202408,0
33174,202408,0
32311,202408,0
36666,202408,0
80011,202408,0
85125,202408,0
79893,202408,0
87633,202408,0
93885,202408,0
90893,202408,0
98927,202408,0
43975,202408,0
4749,202408,0
39833,202408,0
80566,202408,0
13647,202408,0
20375,202408,0
84271,202408,0
12723,202408,0
56425,202408,0
52372,202408,0
17644,202408,0
70036,202408,0
82778,202408,0
26530,202408,0
60149,202408,0
58720,202408,0
37814,202408,0
42374,202408,0
15380,202408,0
77714,202408,0
91081,202408,0
76343,202408,0
38946,202408,0
86783,202408,0
66886,202408,0
16095,202408,0
63547,202408,0
78453,202408,0
92060,202408,0
92060,202408,0
66786,202408,0
8785,202408,0
33806,202408,0
76928,202408,0
93113,202408,0
26190,202408,0
68745,202408,0
23621,202408,0
87163,202408,0
36688,202408,0
42551,202408,0
12567,202408,0
71403,202408,0
69864,202408,0
90249,202408,0
47046,202408,0
16099,202408,0
72014,202408,0
23328,202408,0
44760,202408,0
68908,202408,0
9010,202408,0
17112,202408,0
6011,202408,0
74956,202408,0
65834,202408,0
46862,202408,0
91117,202408,0
72949,202408,0
18410,202408,0
3658,202408,0
43589,202408,0
65165,202408,0
15306,202408,0
6876,202408,0
25304,202408,0
88656,202408,0
22923,202408,0
54796,202408,0
86454,202408,0
8310,202408,0
11158,202408,0
14423,202408,0
3247,202408,0
16962,202408,0
15025,202408,0
81341,202408,0
60089,202408,0
29612,202408,0
80446,202408,0
62815,202408,0
65977,202408,0
48705,202408,0
12410,202408,0
36825,202408,0
734,202408,0
46831,202408,1
92300,202408,0
24637,202408,0
84242,202408,0
55838,202408,1
21582,202408,0
77709,202408,0
8254,202408,0
7418,202408,0
76416,202408,0
8282,202408,0
35558,202408,0
63592,202408,0
96807,202408,0
88082,202408,0
40727,202408,0
41484,202408,0
16335,202408,0
31600,202408,0
9474,202408,0
84464,202408,0
60302,202408,0
42954,202408,0
29264,202408,0
20232,202408,0
26265,202408,0
49756,202408,0
62706,202408,0
47295,202408,0
96482,202408,0
92555,202408,0
19864,202408,0
75940,202408,0
39497,202408,0
67183,202408,0
14651,202408,0
32723,202408,0
30988,202408,0
45881,202408,0
66333,202408,0
55399,202408,0
54463,202408,0
64466,202408,0
50676,202408,0
74775,202408,0
48421,202408,0
56289,202408,0
50977,202408,0
10439,202408,0
6097,202408,0
22311,202408,0
44119,202408,0
46509,202408,0
16629,202408,1
72932,202408,1
18422,202408,0
86720,202408,0
43986,202408,0
51943,202408,1
36972,202408,0
24807,202408,0
36322,202408,0
76010,202408,0
4460,202408,0
16167,202408,0
1501,202408,0
33356,202408,0
30721,202408,0
81908,202408,0
92229,202408,0
19391,202408,0
16336,202408,0
80687,202408,0
70390,202408,0
30139,202408,0
32454,202408,0
58499,202408,0
44887,202408,0
56782,202408,0
96241,202408,0
50220,202408,0
55950,202408,0
19970,202408,0
85067,202408,0
23519,202408,0
85621,202408,0
76675,202408,0
50106,202408,0
4705,202408,0
37182,202408,0
65843,202408,0
17953,202408,0
58240,202408,0
25866,202408,0
82379,202408,0
23222,202408,0
3310,202408,0
84146,202408,0
43799,202408,0
33544,202408,1
23639,202408,0
48728,202408,0
67021,202408,0
701,202408,0
8608,202408,0
52605,202408,0
93665,202408,0
55204,202408,1
70680,202408,0
70887,202408,0
88268,202408,0
98487,202408,0
5859,202408,0
5859,202408,0
5859,202408,0
98737,202408,0
1107,202408,0
76078,202408,0
24436,202408,0
54988,202408,0
15196,202408,0
18316,202408,0
2874,202408,0
16860,202408,0
93630,202408,0
19671,202408,0
3023,202408,0
21483,202408,0
16741,202408,0
12541,202408,0
84489,202408,1
62079,202408,0
8677,202408,1
69179,202408,0
19670,202408,0
59756,202408,0
86151,202408,0
27837,202408,0
55774,202408,0
18993,202408,0
31425,202408,0
846,202408,1
28394,202408,0
3279,202408,0
55474,202408,0
10709,202408,0
19996,202408,0
48060,202408,0
71630,202408,0
83086,202408,0
35388,202408,0
34367,202408,0
89074,202408,0
33634,202408,0
6541,202408,0
45420,202408,0
29746,202408,0
24452,202408,0
80098,202408,0
28061,202408,0
78268,202408,0
1842,202408,0
11621,202408,0
38209,202408,0
40636,202408,0
88557,202408,0
34304,202408,0
48873,202408,0
13905,202408,0
68672,202408,0
32357,202408,0
13201,202408,0
23685,202408,0
1587,202408,0
21974,202408,0
94998,202408,0
66291,202408,0
73623,202408,0
8862,202408,0
543,202408,0
62929,202408,0
32678,202408,0
28158,202408,0
49211,202408,0
71627,202408,0
60779,202408,0
43244,202408,0
99909,202408,0
90477,202408,0
89251,202408,0
22748,202408,0
61586,202408,0
30647,202408,0
85506,202408,0
92573,202408,0
81538,202408,0
81538,202408,0
26636,202408,0
51541,202408,0
23684,202408,0
92482,202408,0
34994,202408,0
10912,202408,0
98098,202408,0
81153,202408,0
60419,202408,0
89655,202408,0
85554,202408,0
26531,202408,0
30863,202408,0
28814,202408,0
97030,202408,0
98034,202408,0
38924,202408,0
46963,202408,0
35282,202408,0
61911,202408,0
60353,202408,0
39763,202408,0
96705,202408,0
20345,202408,0
57629,202408,0
91779,202408,0
80805,202408,0
64888,202408,0
56679,202408,0
45713,202408,0
97942,202408,0
99637,202408,0
92854,202408,0
33180,202408,0
7164,202408,0
91923,202408,0
66274,202408,0
42039,202408,0
27806,202408,0
85108,202408,0
95777,202408,0
8499,202408,0
7851,202408,0
99203,202408,0
74935,202408,0
81867,202408,0
39961,202408,0
57825,202408,0
73140,202408,0
64003,202408,0
71120,202408,1
28243,202408,0
6991,202408,0
38642,202408,0
5834,202408,0
29358,202408,0
53871,202408,0
43223,202408,0
32593,202408,0
27340,202408,0
84638,202408,0
16624,202408,0
36363,202408,1
53740,202408,0
90751,202408,0
30253,202408,0
1684,202408,0
1684,202408,0
51209,202408,0
570,202408,0
364,202408,0
90222,202408,0
64477,202408,0
54847,202408,0
18791,202408,0
16088,202408,0
65692,202408,0
98419,202408,0
63609,202408,0
24767,202408,0
31062,202408,0
74229,202408,0
72490,202408,0
38488,202408,0
86399,202408,0
86122,202408,0
50795,202408,0
72783,202408,0
74542,202408,0
99184,202408,0
98903,202408,0
43891,202408,0
73124,202408,0
28310,202408,0
22551,202408,0
79663,202408,0
55900,202408,0
47560,202408,0
37,202408,0
47149,202408,0
8905,202408,0
5865,202408,0
5865,202408,0
62985,202408,0
62985,202408,0
68469,202408,0
84265,202408,0
17771,202408,0
12361,202408,0
91637,202408,0
70934,202408,0
7988,202408,0
7988,202408,0
7988,202408,0
24577,202408,0
63724,202408,0
97340,202408,0
62122,202408,0
36290,202408,0
63941,202408,0
87926,202408,0
43096,202408,0
47110,202408,0
16586,202408,0
54242,202408,0
24536,202408,0
51856,202408,0
20686,202408,0
26350,202408,0
61611,202408,0
44401,202408,0
59726,202408,0
52658,202408,0
4637,202408,1
74701,202408,0
84346,202408,0
65315,202408,0
56157,202408,0
83738,202408,0
54762,202408,0
46720,202408,0
91022,202408,0
7017,202408,0
40167,202408,0
40167,202408,0
64253,202408,0
21367,202408,0
64675,202408,0
3727,202408,1
79309,202408,0
859,202408,0
63790,202408,0
11742,202408,0
51787,202408,0
7628,202408,0
55678,202408,0
88169,202408,0
93662,202408,0
24013,202408,0
48244,202408,0
81607,202408,0
15504,202408,0
48270,202408,0
19128,202408,0
3241,202408,0
92836,202408,0
9425,202408,0
83613,202408,0
73758,202408,0
79164,202408,0
35683,202408,0
40246,202408,0
80522,202408,0
86258,202408,0
90522,202408,0
77128,202408,0
5172,202408,0
93281,202408,0
83939,202408,0
1072,202408,0
1927,202408,0
42508,202408,0
29122,202408,0
18756,202408,0
74622,202408,0
78543,202408,0
87773,202408,0
93445,202408,0
31567,202408,0
74664,202408,0
95830,202408,0
99254,202408,0
3412,202408,0
68291,202408,0
37266,202408,0
28623,202408,0
40463,202408,0
56372,202408,0
74758,202408,0
65662,202408,0
59664,202408,1
96895,202408,0
49164,202408,1
14114,202408,0
45152,202408,0
43068,202408,0
95557,202408,0
9444,202408,0
86248,202408,0
63735,202408,0
89207,202408,0
45530,202408,0
82960,202408,0
10741,202408,0
98304,202408,0
40442,202408,0
85592,202408,0
74277,202408,0
35816,202408,0
54324,202408,0
92735,202408,0
44268,202408,0
81895,202408,0
25581,202408,0
24994,202408,0
57618,202408,0
57012,202408,0
18639,202408,0
57372,202408,1
2674,202408,0
7308,202408,0
68564,202408,0
40791,202408,0
46765,202408,0
29337,202408,0
54154,202408,0
20313,202408,0
97342,202408,0
68107,202408,0
58950,202408,0
32873,202408,0
67309,202408,0
33452,202408,0
76804,202408,0
2976,202408,0
45073,202408,0
46208,202408,0
61485,202408,0
88493,202408,0
40194,202408,0
68224,202408,0
89681,202408,0
75731,202408,0
66837,202408,0
20877,202408,1
37460,202408,0
37460,202408,0
43010,202408,0
24025,202408,0
13286,202408,0
79473,202408,0
28016,202408,0
84951,202408,0
51791,202408,0
93313,202408,0
86222,202408,0
6451,202408,0
83828,202408,0
9977,202408,0
17845,202408,0
44973,202408,0
3307,202408,0
79577,202408,0
57250,202408,0
13549,202408,0
69096,202408,0
69096,202408,0
54430,202408,0
91184,202408,0
31088,202408,0
76230,202408,0
34114,202408,0
95411,202408,0
18889,202408,0
39860,202408,0
96890,202408,0
20486,202408,0
25457,202408,0
95866,202408,0
56124,202408,0
37928,202408,0
10996,202408,0
5501,202408,0
55365,202408,0
7235,202408,0
10325,202408,0
31859,202408,0
43402,202408,0
44164,202408,0
40483,202408,0
94836,202408,0
35981,202408,0
98986,202408,0
69467,202408,0
76872,202408,0
90113,202408,0
19183,202408,0
52867,202408,0
56692,202408,0
73754,202408,0
93458,202408,0
88584,202408,0
482,202408,0
482,202408,0
44253,202408,0
17706,202408,0
55736,202408,0
30779,202408,0
49507,202408,0
14402,202408,0
39461,202408,0
53628,202408,0
88807,202408,0
48555,202408,0
58607,202408,0
74862,202408,0
84802,202408,0
14710,202408,0
21218,202408,0
66074,202408,0
88466,202408,0
88340,202408,0
7527,202408,0
21474,202408,0
77869,202408,0
32709,202408,0
36193,202408,0
30841,202408,0
50046,202408,0
21051,202408,0
62445,202408,0
79676,202408,0
69288,202408,0
4658,202408,0
69557,202408,0
86671,202408,0
79421,202408,0
82849,202408,0
18856,202408,0
51501,202408,0
47840,202408,0
90653,202408,0
88435,202408,0
59650,202408,0
90059,202408,0
90583,202408,0
37822,202408,0
28200,202408,0
83731,202408,0
46902,202408,0
34956,202408,0
11865,202408,0
33763,202408,0
33763,202408,0
24139,202408,0
47542,202408,0
35352,202408,0
79150,202408,0
87752,202408,0
4648,202408,0
45791,202408,0
157,202408,0
44290,202408,0
73821,202408,0
73821,202408,0
88771,202408,0
47509,202408,0
69233,202408,0
16579,202408,0
40038,202408,0
53801,202408,0
43441,202408,0
43441,202408,0
23683,202408,0
42712,202408,0
28095,202408,0
97880,202408,0
7215,202408,0
15686,202408,0
37371,202408,0
35509,202408,0
15024,202408,1
46055,202408,0
61756,202408,0
927,202408,0
19416,202408,0
38683,202408,0
10157,202408,0
72463,202408,0
31446,202408,0
19679,202408,0
87365,202408,0
79049,202408,0
6078,202408,0
95811,202408,0
29070,202408,0
48039,202408,0
55942,202408,0
16745,202408,0
88899,202408,0
57055,202408,0
45170,202408,0
54409,202408,0
63268,202408,0
84469,202408,0
8144,202408,0
46632,202408,0
92564,202408,0
23615,202408,0
63177,202408,0
92545,202408,0
59921,202408,0
61363,202408,0
61363,202408,0
82688,202408,0
52905,202408,0
15014,202408,0
99363,202408,0
72853,202408,0
6492,202408,0
20357,202408,0
52047,202408,0
93829,202408,0
35550,202408,0
12332,202408,1
72903,202408,0
50763,202408,0
33348,202408,0
98093,202408,0
94036,202408,0
16669,202408,0
19659,202408,0
68884,202408,0
23409,202408,0
68444,202408,0
39239,202408,0
38503,202408,0
71472,202408,0
42144,202408,0
80662,202408,0
64248,202408,0
71058,202408,0
9367,202408,0
56805,202408,0
42867,202408,0
72404,202408,0
29835,202408,0
45502,202408,0
92101,202408,0
36491,202408,0
43757,202408,0
51815,202408,0
83780,202408,0
13418,202408,0
51037,202408,0
14339,202408,0
23227,202408,0
26689,202408,0
35835,202408,0
42477,202408,0
65195,202408,0
27786,202408,0
86385,202408,1
76936,202408,0
55629,202408,0
63970,202408,0
97700,202408,0
40826,202408,0
8999,202408,0
41661,202408,0
15959,202408,0
60221,202408,0
79191,202408,0
53841,202408,0
97668,202408,1
83233,202408,0
73286,202408,0
24412,202408,0
95785,202408,0
33665,202408,0
85871,202408,0
54413,202408,0
67392,202408,0
64635,202408,0
35427,202408,0
21107,202408,0
47856,202408,0
6449,202408,0
45449,202408,0
9487,202408,0
92456,202408,0
25846,202408,1
7214,202408,0
60624,202408,0
38112,202408,0
19421,202408,0
79895,202408,0
59320,202408,0
88024,202408,0
90562,202408,0
46025,202408,0
98930,202408,0
37478,202408,0
15440,202408,0
30443,202408,0
70105,202408,0
63623,202408,0
44318,202408,0
28725,202408,0
47641,202408,0
72899,202408,0
31970,202408,0
72623,202408,0
48766,202408,0
3843,202408,0
31211,202408,0
19012,202408,0
19393,202408,0
88073,202408,0
75555,202408,0
37659,202408,0
10140,202408,0
70554,202408,0
15413,202408,0
57769,202408,0
48099,202408,0
85007,202408,0
93664,202408,0
59521,202408,0
15364,202408,0
48207,202408,0
65216,202408,0
95791,202408,0
37344,202408,0
70971,202408,0
94067,202408,0
65700,202408,0
87953,202408,0
68937,202408,0
15104,202408,0
44688,202408,0
9119,202408,0
90686,202408,0
85566,202408,1
65048,202408,0
87965,202408,0
54946,202408,0
2322,202408,0
57899,202408,0
45814,202408,0
41253,202408,0
41253,202408,0
38421,202408,0
6787,202408,0
54008,202408,0
51754,202408,0
34800,202408,0
61462,202408,1
13264,202408,0
51231,202408,0
51749,202408,0
57686,202408,0
81972,202408,0
94412,202408,0
83367,202408,0
83896,202408,0
93244,202408,0
35708,202408,0
65346,202408,0
10434,202408,0
15938,202408,0
82317,202408,0
5998,202408,0
14132,202408,0
7373,202408,0
92864,202408,0
21396,202408,0
73099,202408,0
2627,202408,0
58583,202408,0
19870,202408,0
32771,202408,0
86187,202408,0
12343,202408,0
47907,202408,0
73936,202408,0
53049,202408,0
70592,202408,0
38415,202408,0
65888,202408,0
30994,202408,0
16791,202408,0
62045,202408,0
57051,202408,0
5707,202408,0
25911,202408,0
89086,202408,0
89086,202408,0
38265,202408,0
38918,202408,0
48770,202408,0
34758,202408,0
55357,202408,0
84732,202408,0
15542,202408,0
47023,202408,0
63214,202408,0
43772,202408,0
31478,202408,0
16217,202408,0
16217,202408,0
43596,202408,0
64643,202408,0
60265,202408,0
88548,202408,0
24487,202408,0
19935,202408,0
50585,202408,0
61808,202408,0
73474,202408,0
32335,202408,0
45154,202408,0
28378,202408,0
87759,202408,0
81394,202408,0
83322,202408,0
46636,202408,0
80429,202408,0
10045,202408,0
43016,202408,0
85267,202408,0
28699,202408,0
84283,202408,0
79201,202408,0
95177,202408,0
54889,202408,0
11443,202408,0
6180,202408,0
75902,202408,0
15868,202408,0
25292,202408,0
44168,202408,0
10764,202408,0
66737,202408,0
91814,202408,0
51682,202408,0
65019,202408,0
86914,202408,0
39312,202408,0
57559,202408,0
58056,202408,0
34866,202408,0
64189,202408,0
64189,202408,0
33951,202408,0
79810,202408,0
3280,202408,0
92843,202408,0
89396,202408,0
28957,202408,0
13551,202408,0
97399,202408,0
68795,202408,0
68795,202408,0
35085,202408,0
89601,202408,0
87385,202408,0
69339,202408,0
91483,202408,0
39888,202408,0
79703,202408,0
73054,202408,0
98380,202408,0
55451,202408,0
54697,202408,0
52444,202408,0
41336,202408,0
29569,202408,0
33553,202408,0
52246,202408,0
85435,202408,0
69199,202408,0
33537,202408,0
99439,202408,0
32869,202408,0
2317,202408,0
65657,202408,0
67805,202408,0
82253,202408,0
38769,202408,0
14639,202408,0
29801,202408,0
6859,202408,0
43663,202408,0
79565,202408,0
38149,202408,0
98269,202408,0
97289,202408,0
27533,202408,0
64178,202408,0
22292,202408,0
79378,202408,0
33804,202408,0
9261,202408,0
98802,202408,0
92483,202408,0
25240,202408,0
52951,202408,0
33760,202408,0
61101,202408,0
94420,202408,0
52719,202408,0
91438,202408,0
44788,202408,0
92837,202408,0
9638,202408,0
30511,202408,0
16720,202408,0
46508,202408,0
59648,202408,0
83205,202408,0
77312,202408,0
47970,202408,0
1645,202408,0
66739,202408,0
67570,202408,0
61253,202408,0
43286,202408,0
51861,202408,0
9681,202408,0
6929,202408,0
877,202408,0
23992,202408,0
56869,202408,1
11522,202408,1
46800,202408,0
5116,202408,0
5116,202408,0
5116,202408,0
85348,202408,0
21944,202408,0
6928,202408,0
90284,202408,0
42915,202408,0
65350,202408,0
24717,202408,0
23625,202408,0
70708,202408,0
23985,202408,0
70342,202408,0
22572,202408,0
74160,202408,0
74160,202408,0
74160,202408,0
80656,202408,0
78106,202408,0
78493,202408,0
50359,202408,0
45281,202408,0
31998,202408,0
40747,202408,0
31400,202408,0
19941,202408,0
27871,202408,0
13758,202408,0
70437,202408,0
39365,202408,0
61151,202408,0
8030,202408,0
65310,202408,0
16794,202408,0
79822,202408,0
86712,202408,0
49795,202408,0
6517,202408,0
23321,202408,0
11211,202408,0
40439,202408,0
27339,202408,0
20570,202408,0
30743,202408,0
39472,202408,0
28805,202408,0
30002,202408,0
19535,202408,0
3055,202408,0
41487,202408,0
14439,202408,0
88475,202408,0
6262,202408,0
15838,202408,0
32878,202408,0
62136,202408,0
77626,202408,0
29903,202408,0
2528,202408,0
32941,202408,0
84907,202408,1
3081,202408,0
50284,202408,0
3947,202408,0
84985,202408,0
59497,202408,0
88713,202408,0
9506,202408,0
4108,202408,0
21587,202408,0
73022,202408,0
7246,202408,0
96952,202408,0
75766,202408,0
48940,202408,0
58375,202408,0
74790,202408,0
80107,202408,0
5164,202408,0
25991,202408,0
1788,202408,0
23260,202408,0
81080,202408,0
17497,202408,0
9697,202408,0
41285,202408,0
73899,202408,0
69769,202408,0
26514,202408,0
93144,202408,0
91950,202408,1
92743,202408,1
29590,202408,0
3111,202408,0
54316,202408,0
98231,202408,0
8652,202408,0
43502,202408,0
22011,202408,0
29711,202408,0
21760,202408,0
98972,202408,0
97657,202408,0
97395,202408,0
4068,202408,0
2833,202408,0
99846,202408,0
360,202408,0
52524,202408,0
53152,202408,0
89229,202408,0
61044,202408,0
70283,202408,0
21635,202408,0
67322,202408,0
30195,202408,0
20213,202408,0
12990,202408,0
90089,202408,0
43675,202408,0
85244,202408,0
10793,202408,0
30491,202408,0
71096,202408,0
46211,202408,0
46281,202408,0
57467,202408,0
33773,202408,0
68914,202408,0
77460,202408,0
44991,202408,0
82966,202408,0
93555,202408,0
7143,202408,0
75890,202408,0
75878,202408,1
92468,202408,0
43809,202408,0
5255,202408,0
754,202408,0
92923,202408,0
77912,202408,0
47903,202408,0
72189,202408,0
66941,202408,0
36915,202408,0
52726,202408,0
49670,202408,0
70678,202408,0
82007,202408,0
98813,202408,0
94770,202408,0
87533,202408,0
34797,202408,0
39336,202408,0
39705,202408,0
69830,202408,0
84256,202408,0
54194,202408,0
9788,202408,0
60670,202408,0
73869,202408,0
58504,202408,0
15149,202408,0
48407,202408,0
41340,202408,0
78274,202408,0
6519,202408,0
92133,202408,0
6170,202408,0
44618,202408,0
31845,202408,0
45084,202408,0
32925,202408,0
76540,202408,0
93235,202408,0
68204,202408,0
43555,202408,0
66895,202408,0
61893,202408,0
60692,202408,0
54609,202408,0
43208,202408,0
44177,202408,0
97003,202408,0
63373,202408,0
1797,202408,0
26431,202408,0
47462,202408,0
89632,202408,0
57757,202408,0
82166,202408,1
17410,202408,0
27961,202408,0
32592,202408,0
73927,202408,0
27966,202408,0
44614,202408,0
38260,202408,0
90608,202408,0
38359,202408,0
43969,202408,0
31388,202408,0
14017,202408,0
93621,202408,0
34185,202408,0
85678,202408,0
29882,202408,0
32116,202408,0
54716,202408,0
67239,202408,0
28953,202408,0
69335,202408,0
35832,202408,0
15667,202408,0
62820,202408,0
16607,202408,0
49468,202408,0
26258,202408,0
91994,202408,0
79600,202408,0
57670,202408,0
14671,202408,0
67924,202408,0
33562,202408,0
26644,202408,0
27301,202408,0
52633,202408,0
26591,202408,0
59117,202408,0
61056,202408,1
61429,202408,0
30595,202408,0
81560,202408,0
20700,202408,0
37727,202408,0
48575,202408,0
36406,202408,0
98213,202408,0
91028,202408,0
96795,202408,0
81450,202408,0
81450,202408,0
35896,202408,0
12368,202408,0
25032,202408,0
65932,202408,0
24734,202408,0
88477,202408,0
91065,202408,0
60587,202408,0
60587,202408,0
85953,202408,0
48992,202408,1
12607,202408,0
82288,202408,0
30455,202408,0
38362,202408,0
97501,202408,0
73025,202408,0
83874,202408,0
39131,202408,0
23593,202408,0
23593,202408,0
29790,202408,0
44321,202408,0
93658,202408,0
22600,202408,0
90811,202408,0
89434,202408,0
16709,202408,0
35621,202408,0
17374,202408,0
65377,202408,0
29084,202408,0
1634,202408,0
22885,202408,0
79025,202408,0
42013,202408,0
64468,202408,0
59424,202408,0
20193,202408,0
20193,202408,0
55130,202408,0
94310,202408,0
61633,202408,1
79990,202408,0
74298,202408,0
74287,202408,0
27335,202408,0
31739,202408,0
70845,202408,0
89292,202408,0
32496,202408,0
4489,202408,0
21226,202408,0
46369,202408,0
76113,202408,0
8145,202408,0
53987,202408,0
28630,202408,0
29179,202408,0
23675,202408,0
95347,202408,0
796,202408,0
23121,202408,0
54043,202408,0
89184,202408,0
63580,202408,0
22133,202408,0
22133,202408,0
44674,202408,0
93712,202408,0
62340,202408,0
81964,202408,0
8555,202408,0
57774,202408,0
93881,202408,0
61820,202408,0
65026,202408,0
66932,202408,0
34536,202408,0
15151,202408,0
28502,202408,0
98568,202408,0
13338,202408,0
27107,202408,0
48086,202408,0
25018,202408,0
65526,202408,0
2753,202408,0
3243,202408,0
7789,202408,0
46327,202408,0
43217,202408,0
45177,202408,0
57628,202408,0
59829,202408,0
28446,202408,0
28446,202408,0
88223,202408,0
20810,202408,0
71577,202408,0
15954,202408,1
4849,202408,0
90529,202408,0
23204,202408,0
30902,202408,0
94555,202408,0
9274,202408,0
97508,202408,0
25658,202408,0
32030,202408,0
44559,202408,0
13686,202408,0
67016,202408,0
81074,202408,0
98417,202408,0
22897,202408,0
58982,202408,0
24323,202408,0
84570,202408,0
98853,202408,0
46866,202408,0
46866,202408,0
32870,202408,0
77368,202408,0
78713,202408,0
89914,202408,0
42572,202408,0
1274,202408,0
78728,202408,0
18409,202408,0
93357,202408,0
62009,202408,0
41161,202408,0
30507,202408,0
50143,202408,0
6942,202408,0
97509,202408,0
58080,202408,0
60243,202408,0
46698,202408,0
24311,202408,0
94470,202408,0
97735,202408,0
14327,202408,0
32260,202408,0
30262,202408,0
57819,202408,0
86654,202408,0
31500,202408,0
36757,202408,0
91196,202408,0
77325,202408,0
73945,202408,0
86746,202408,0
48767,202408,0
93293,202408,0
90145,202408,0
81890,202408,0
10153,202408,0
36756,202408,0
10932,202408,0
85134,202408,0
93666,202408,0
65520,202408,0
98071,202408,0
22531,202408,0
17449,202408,0
42931,202408,0
64864,202408,0
41219,202408,0
81000,202408,0
74797,202408,0
23390,202408,0
72806,202408,0
69896,202408,0
36390,202408,0
19419,202408,0
77763,202408,0
31702,202408,0
10337,202408,0
21948,202408,0
63813,202408,0
3326,202408,0
26917,202408,0
89870,202408,0
24971,202408,0
22505,202408,0
52257,202408,0
80847,202408,0
3971,202408,0
65874,202408,0
5001,202408,0
11417,202408,1
44870,202408,0
99146,202408,0
41623,202408,0
6297,202408,0
15312,202408,0
4007,202408,1
18507,202408,0
4151,202408,0
65997,202408,0
81162,202408,0
39817,202408,0
83933,202408,0
91258,202408,0
29897,202408,0
65545,202408,0
27835,202408,0
75574,202408,0
10148,202408,0
11259,202408,0
50877,202408,0
10981,202408,1
76300,202408,0
58030,202408,0
88324,202408,0
49505,202408,0
41463,202408,0
52252,202408,0
85093,202408,0
34466,202408,0
32712,202408,0
88700,202408,0
73214,202408,0
98205,202408,0
58268,202408,0
3265,202408,0
97910,202408,0
11352,202408,0
32213,202408,0
1942,202408,0
1942,202408,0
35185,202408,0
11685,202408,0
68515,202408,0
68515,202408,0
92703,202408,0
40641,202408,0
95223,202408,0
11854,202408,0
78898,202408,0
42405,202408,0
98960,202408,0
78048,202408,0
56494,202408,0
74545,202408,0
9338,202408,0
4088,202408,0
67554,202408,0
87587,202408,0
90891,202408,0
76057,202408,0
19020,202408,0
46576,202408,0
30329,202408,0
53755,202408,0
21454,202408,0
27881,202408,0
73997,202408,0
42025,202408,0
9711,202408,0
32243,202408,0
33771,202408,0
97144,202408,0
58995,202408,0
58350,202408,0
99418,202408,0
83449,202408,0
39938,202408,0
24878,202408,0
20906,202408,0
47183,202408,0
798,202408,0
3534,202408,0
43741,202408,0
69546,202408,0
94220,202408,0
62395,202408,0
1474,202408,0
42711,202408,0
42711,202408,0
42711,202408,0
10630,202408,0
71893,202408,0
72030,202408,0
84535,202408,0
45584,202408,0
86114,202408,0
29698,202408,0
31072,202408,0
33560,202408,0
65345,202408,0
65290,202408,0
74557,202408,1
74832,202408,0
56582,202408,0
7190,202408,0
53831,202408,0
7773,202408,0
44446,202408,0
15690,202408,0
93141,202408,0
21579,202408,0
20219,202408,0
30273,202408,0
23857,202408,0
29329,202408,0
92307,202408,0
42852,202408,0
27812,202408,0
73276,202408,0
39989,202408,0
87020,202408,0
56858,202408,0
3203,202408,0
63455,202408,0
39205,202408,0
41086,202408,0
32434,202408,0
70643,202408,0
30665,202408,0
12644,202408,0
12644,202408,0
82155,202408,0
58134,202408,0
58134,202408,0
4955,202408,0
26330,202408,0
72846,202408,0
14646,202408,0
25385,202408,0
18476,202408,0
70898,202408,0
98432,202408,0
73161,202408,0
6045,202408,0
87372,202408,1
56090,202408,0
44724,202408,0
95598,202408,0
47632,202408,0
23315,202408,0
90600,202408,0
42294,202408,0
92841,202408,0
91758,202408,0
8617,202408,0
83466,202408,0
19076,202408,0
18753,202408,0
89316,202408,0
22218,202408,0
34290,202408,0
56690,202408,0
74720,202408,0
88881,202408,0
71681,202408,0
41345,202408,0
12289,202408,0
19658,202408,0
80485,202408,0
38277,202408,0
85880,202408,0
606,202408,0
62303,202408,0
62303,202408,0
62303,202408,0
62303,202408,0
51748,202408,0
42425,202408,0
10989,202408,0
27202,202408,1
61523,202408,0
61523,202408,0
61990,202408,0
2967,202408,0
87289,202408,0
87289,202408,0
26786,202408,0
44846,202408,0
30129,202408,0
20196,202408,0
53981,202408,0
2177,202408,0
16015,202408,0
97388,202408,0
61838,202408,0
49167,202408,0
27736,202408,0
45060,202408,0
2359,202408,0
76699,202408,0
65778,202408,0
7879,202408,0
51038,202408,0
23218,202408,0
8394,202408,0
57682,202408,0
49671,202408,0
91311,202408,1
83500,202408,0
65583,202408,0
26000,202408,0
67000,202408,0
50674,202408,0
49073,202408,0
79273,202408,0
30904,202408,0
5168,202408,0
81499,202408,0
78580,202408,0
52163,202408,0
69160,202408,0
26827,202408,0
38701,202408,0
63560,202408,0
50998,202408,0
75116,202408,0
71378,202408,0
93299,202408,0
34685,202408,0
26846,202408,0
82063,202408,0
82063,202408,0
1160,202408,0
79114,202408,0
75563,202408,0
68478,202408,0
46711,202408,0
89405,202408,0
18891,202408,0
70222,202408,0
35932,202408,0
79302,202408,0
65910,202408,0
42685,202408,0
36680,202408,0
56313,202408,0
59444,202408,0
49855,202408,0
95966,202408,0
30146,202408,0
18702,202408,0
16813,202408,0
17033,202408,0
69196,202408,0
7253,202408,0
50331,202408,0
77991,202408,0
50598,202408,0
88732,202408,0
38993,202408,0
97908,202408,0
87001,202408,0
76239,202408,0
33656,202408,1
96168,202408,0
38132,202408,0
56448,202408,0
10671,202408,0
26116,202408,0
81183,202408,0
47323,202408,0
63431,202408,0
13389,202408,0
87119,202408,0
34658,202408,0
2598,202408,0
96810,202408,0
49388,202408,0
32250,202408,0
87538,202408,0
65929,202408,0
72183,202408,0
87303,202408,0
30233,202408,0
59822,202408,0
94520,202408,0
72283,202408,1
94908,202408,0
90632,202408,0
67067,202408,0
95429,202408,0
21554,202408,0
4444,202408,0
53923,202408,0
5407,202408,0
55393,202408,0
37225,202408,0
58095,202408,0
86989,202408,0
18632,202408,0
32326,202408,0
21567,202408,0
73975,202408,0
70743,202408,0
54001,202408,0
76153,202408,0
19317,202408,0
51368,202408,0
58856,202408,0
74607,202408,0
48071,202408,0
48071,202408,0
32899,202408,0
35166,202408,0
35166,202408,0
78100,202408,0
80357,202408,0
71858,202408,0
11840,202408,0
11840,202408,0
21440,202408,0
19988,202408,0
68802,202408,0
29038,202408,0
6331,202408,0
18971,202408,0
76149,202408,0
99338,202408,0
3179,202408,0
99014,202408,0
14816,202408,0
28415,202408,0
69294,202408,0
80369,202408,0
81536,202408,0
97545,202408,0
30945,202408,0
91194,202408,0
48512,202408,0
75321,202408,0
83539,202408,0
48272,202408,0
94330,202408,0
21185,202408,0
32942,202408,0
80130,202408,0
10953,202408,0
63860,202408,0
68560,202408,0
10112,202408,0
56957,202408,0
12794,202408,0
84155,202408,0
48683,202408,0
65656,202408,0
81987,202408,0
33649,202408,0
59188,202408,0
21522,202408,0
5440,202408,0
77340,202408,0
77340,202408,0
28608,202408,0
58219,202408,0
98859,202408,0
61944,202408,0
51252,202408,0
68518,202408,0
22408,202408,0
39243,202408,0
9168,202408,0
13898,202408,0
43338,202408,0
71839,202408,0
80879,202408,0
43314,202408,0
22166,202408,0
40654,202408,0
8618,202408,0
63914,202408,0
50097,202408,0
97504,202408,0
98656,202408,0
11983,202408,0
27974,202408,0
4897,202408,0
62894,202408,0
45255,202408,0
39194,202408,0
31161,202408,0
5146,202408,0
5146,202408,0
34110,202408,0
16017,202408,0
46597,202408,0
15969,202408,0
69390,202408,0
68816,202408,0
90646,202408,0
71137,202408,0
73490,202408,0
74636,202408,0
79728,202408,0
10707,202408,0
57339,202408,0
85215,202408,0
73483,202408,0
25614,202408,0
74000,202408,0
93327,202408,0
57484,202408,0
18441,202408,0
37540,202408,0
64072,202408,0
17480,202408,0
90747,202408,0
24251,202408,0
24251,202408,0
22308,202408,0
24580,202408,0
93815,202408,0
65057,202408,0
73752,202408,0
54312,202408,0
29668,202408,0
48097,202408,0
1037,202408,0
41604,202408,0
55208,202408,0
39686,202408,0
42791,202408,0
66318,202408,0
90382,202408,0
12799,202408,0
29904,202408,0
78216,202408,0
95695,202408,0
99618,202408,0
44259,202408,0
50360,202408,0
83616,202408,0
63366,202408,0
17281,202408,0
86565,202408,0
26234,202408,0
35941,202408,0
13787,202408,0
83089,202408,0
17609,202408,0
45809,202408,0
63074,202408,0
18357,202408,0
78635,202408,0
36173,202408,0
86624,202408,0
7620,202408,0
3785,202408,0
56583,202408,0
47287,202408,0
94205,202408,0
51076,202408,0
20892,202408,0
13831,202408,0
72694,202408,0
62958,202408,0
70975,202408,0
35511,202408,0
97637,202408,0
13750,202408,0
71853,202408,0
79397,202408,0
66393,202408,0
83717,202408,0
83800,202408,0
33319,202408,0
3511,202408,0
35531,202408,0
79536,202408,0
9579,202408,0
87208,202408,0
99417,202408,0
90424,202408,0
82573,202408,0
5478,202408,0
18786,202408,0
20517,202408,0
66390,202408,0
53250,202408,0
99884,202408,0
75721,202408,0
19260,202408,0
19260,202408,0
23792,202408,0
91786,202408,0
41357,202408,0
21428,202408,0
82454,202408,0
33069,202408,0
82445,202408,0
47982,202408,0
34144,202408,0
5925,202408,0
49067,202408,0
90740,202408,0
71503,202408,0
85175,202408,0
54036,202408,0
17758,202408,0
63494,202408,0
52142,202408,0
14251,202408,0
21738,202408,0
65637,202408,0
41408,202408,0
35467,202408,0
29085,202408,0
9630,202408,0
90541,202408,0
79148,202408,0
94811,202408,0
4617,202408,0
56471,202408,0
70598,202408,0
53794,202408,0
25745,202408,0
12752,202408,0
70777,202408,0
43539,202408,0
29210,202408,0
24529,202408,0
20447,202408,0
7168,202408,0
57003,202408,1
42215,202408,0
71127,202408,0
91278,202408,0
47815,202408,0
4074,202408,0
24031,202408,0
77245,202408,0
55171,202408,0
55171,202408,0
38347,202408,0
25127,202408,0
76571,202408,0
77987,202408,0
68791,202408,0
34163,202408,0
92243,202408,0
54688,202408,0
37589,202408,0
51718,202408,0
60462,202408,0
77635,202408,0
42164,202408,0
237,202408,0
59586,202408,0
66088,202408,0
57062,202408,0
24243,202408,0
18569,202408,0
37689,202408,0
64871,202408,0
1036,202408,0
48587,202408,0
76914,202408,0
81010,202408,0
73241,202408,0
68929,202408,0
60518,202408,0
53956,202408,0
25845,202408,0
19760,202408,0
30381,202408,0
68381,202408,0
73693,202408,0
22312,202408,0
67070,202408,0
14307,202408,0
98272,202408,0
43102,202408,0
69825,202408,0
36683,202408,0
51696,202408,0
90781,202408,0
15268,202408,0
37232,202408,0
64384,202408,0
25031,202408,0
91208,202408,0
54932,202408,0
31359,202408,0
93111,202408,0
74522,202408,0
76294,202408,0
24804,202408,0
66880,202408,0
29846,202408,0
83259,202408,0
18624,202408,0
32561,202408,0
27211,202408,0
42499,202408,0
55447,202408,0
64691,202408,0
98201,202408,0
42127,202408,0
21438,202408,0
86737,202408,0
40457,202408,0
54474,202408,0
1040,202408,0
26388,202408,0
62499,202408,0
8881,202408,0
86800,202408,0
63809,202408,0
17101,202408,0
94472,202408,0
59370,202408,0
64854,202408,0
49078,202408,0
52286,202408,0
27349,202408,0
97852,202408,0
99359,202408,0
36386,202408,0
28604,202408,0
89323,202408,0
79813,202408,0
31773,202408,0
91395,202408,0
74695,202408,0
63028,202408,0
38166,202408,0
13360,202408,0
26281,202408,0
1050,202408,0
42083,202408,1
78796,202408,0
68405,202408,0
74517,202408,0
57115,202408,0
99866,202408,0
90374,202408,0
22184,202408,0
98547,202408,0
28160,202408,0
88654,202408,0
83863,202408,0
60479,202408,0
34676,202408,0
72215,202408,0
90770,202408,0
5123,202408,0
72461,202408,0
87837,202408,0
62234,202408,0
50972,202408,0
99548,202408,0
79817,202408,0
45782,202408,0
81147,202408,0
50104,202408,0
59447,202408,0
82478,202408,0
55056,202408,0
29065,202408,0
42959,202408,0
42959,202408,0
38750,202408,0
26613,202408,0
28564,202408,0
48814,202408,0
14582,202408,0
49474,202408,0
25065,202408,0
30241,202408,0
85757,202408,0
37611,202408,0
56916,202408,0
69224,202408,0
41417,202408,0
58049,202408,0
59869,202408,0
10405,202408,0
39619,202408,0
39619,202408,0
26934,202408,0
97831,202408,0
44927,202408,0
22125,202408,0
47371,202408,0
46810,202408,0
38157,202408,0
12511,202408,0
65197,202408,0
72802,202408,0
99504,202408,0
86650,202408,0
16715,202408,0
36237,202408,0
51093,202408,0
65484,202408,0
43350,202408,0
48892,202408,0
5491,202408,0
36379,202408,0
66391,202408,0
47563,202408,0
41379,202408,0
39156,202408,0
81456,202408,0
86658,202408,0
88444,202408,0
93799,202408,0
197,202408,0
41191,202408,1
79521,202408,0
88529,202408,0
43247,202408,0
2152,202408,0
14658,202408,0
78648,202408,0
42185,202408,0
98554,202408,0
62173,202408,0
99081,202408,0
88164,202408,0
7136,202408,0
69932,202408,0
73362,202408,0
80495,202408,0
43012,202408,0
22704,202408,0
91634,202408,0
64138,202408,0
26362,202408,0
10827,202408,0
73861,202408,0
62572,202408,0
89336,202408,0
39929,202408,0
86098,202408,0
8149,202408,0
35391,202408,0
61680,202408,0
78414,202408,0
46423,202408,0
50548,202408,0
80395,202408,0
30469,202408,0
14916,202408,0
14515,202408,0
86653,202408,0
34025,202408,0
75496,202408,0
83827,202408,0
15598,202408,0
22446,202408,0
5506,202408,0
56153,202408,0
82242,202408,0
84756,202408,0
42414,202408,0
16911,202408,0
11981,202408,0
82401,202408,0
10306,202408,0
90620,202408,0
38367,202408,0
94583,202408,0
64364,202408,0
11445,202408,0
22821,202408,0
3561,202408,0
61318,202408,0
82416,202408,0
82416,202408,0
82416,202408,0
87714,202408,0
96753,202408,0
25534,202408,0
18817,202408,0
88431,202408,0
94010,202408,0
34847,202408,0
47645,202408,0
48124,202408,0
22424,202408,0
88449,202408,0
44999,202408,0
13447,202408,0
21538,202408,0
95092,202408,0
3314,202408,0
17719,202408,0
31707,202408,0
91316,202408,0
86442,202408,0
45350,202408,0
73862,202408,0
13333,202408,0
403,202408,0
44115,202408,0
87339,202408,0
93962,202408,0
11841,202408,0
40647,202408,0
94127,202408,0
79985,202408,0
79404,202408,0
3245,202408,0
37539,202408,0
15035,202408,0
37098,202408,0
41363,202408,0
96677,202408,1
59260,202408,0
17177,202408,0
82773,202408,0
94325,202408,0
12027,202408,0
86763,202408,0
52515,202408,0
19896,202408,0
72469,202408,0
74132,202408,0
30020,202408,0
30020,202408,0
30020,202408,0
52502,202408,0
22272,202408,0
88912,202408,1
69535,202408,0
91807,202408,0
27425,202408,0
13055,202408,0
9455,202408,0
88494,202408,0
650,202408,0
41124,202408,0
11591,202408,0
46779,202408,0
7857,202408,0
85710,202408,0
17472,202408,0
98999,202408,0
63041,202408,0
91529,202408,0
80672,202408,0
22786,202408,0
36560,202408,0
78722,202408,0
78722,202408,0
30521,202408,0
43118,202408,0
80854,202408,0
14876,202408,0
90703,202408,0
41051,202408,0
25483,202408,0
90795,202408,0
50185,202408,0
29576,202408,0
87027,202408,0
94554,202408,0
77040,202408,0
70538,202408,0
13845,202408,0
4044,202408,0
29399,202408,0
27077,202408,0
27077,202408,0
19137,202408,0
5129,202408,0
86526,202408,0
77765,202408,0
40146,202408,0
28156,202408,0
25202,202408,0
28710,202408,0
68385,202408,0
9013,202408,0
37895,202408,0
42646,202408,0
54015,202408,0
50545,202408,1
23585,202408,0
18224,202408,0
65667,202408,0
32370,202408,0
3145,202408,1
86881,202408,0
71733,202408,0
66207,202408,0
60315,202408,0
96794,202408,0
39573,202408,0
24130,202408,0
61854,202408,0
21756,202408,0
72135,202408,0
73944,202408,0
49644,202408,0
56550,202408,0
16435,202408,0
43752,202408,0
25531,202408,0
4797,202408,0
29083,202408,0
32945,202408,0
72571,202408,0
38840,202408,0
47185,202408,0
60155,202408,0
75616,202408,0
92327,202408,0
55584,202408,0
51333,202408,0
81656,202408,0
29997,202408,0
40585,202408,0
33299,202408,0
35792,202408,0
31592,202408,0
3447,202408,0
16495,202408,0
56478,202408,0
72115,202408,0
65338,202408,0
36013,202408,0
28934,202408,0
38470,202408,0
79363,202408,0
87778,202408,0
21403,202408,0
78568,202408,0
55218,202408,0
588,202408,0
29250,202408,0
81552,202408,0
82039,202408,0
9248,202408,0
7582,202408,0
6210,202408,0
89267,202408,0
73767,202408,0
29160,202408,0
92246,202408,0
35009,202408,0
35009,202408,1
47186,202408,0
62144,202408,0
18039,202408,0
17507,202408,0
44464,202408,0
44464,202408,0
17991,202408,0
24657,202408,0
37373,202408,0
97269,202408,0
68271,202408,0
80763,202408,0
73112,202408,0
59936,202408,0
52305,202408,0
59461,202408,0
19862,202408,0
66166,202408,0
16450,202408,0
77027,202408,0
44539,202408,0
38533,202408,0
98687,202408,0
12433,202408,0
62332,202408,0
79163,202408,0
74131,202408,0
83746,202408,0
52690,202408,0
6147,202408,0
7471,202408,0
59629,202408,0
21931,202408,0
85526,202408,0
11967,202408,0
87539,202408,0
58523,202408,0
49876,202408,0
90793,202408,0
25450,202408,0
97197,202408,0
58182,202408,0
18810,202408,0
42736,202408,0
40262,202408,0
34226,202408,0
29435,202408,0
94667,202408,0
53248,202408,0
49870,202408,0
95691,202408,0
61175,202408,0
77653,202408,0
16044,202408,0
74702,202408,0
5674,202408,0
99252,202408,0
63495,202408,0
8365,202408,0
51878,202408,0
80731,202408,0
18846,202408,0
84687,202408,0
6813,202408,0
63602,202408,0
56804,202408,0
24685,202408,0
45002,202408,0
91873,202408,0
60973,202408,0
81494,202408,0
94885,202408,0
39399,202408,0
1330,202408,0
25535,202408,0
97526,202408,0
71755,202408,0
16096,202408,0
63452,202408,0
63452,202408,0
36088,202408,0
46239,202408,0
8840,202408,0
16922,202408,0
54134,202408,0
25068,202408,0
85488,202408,0
98570,202408,0
78532,202408,0
26403,202408,0
14211,202408,0
58230,202408,0
68368,202408,0
62907,202408,0
33830,202408,0
87417,202408,0
65015,202408,0
11914,202408,0
58145,202408,0
82529,202408,0
19359,202408,0
9601,202408,0
39978,202408,0
44786,202408,0
38388,202408,0
238,202408,0
49546,202408,0
64191,202408,0
58273,202408,0
45246,202408,0
57933,202408,0
10675,202408,0
70174,202408,0
6475,202408,0
74119,202408,0
56911,202408,0
79566,202408,0
70961,202408,0
438,202408,0
43651,202408,0
85414,202408,0
71541,202408,0
25644,202408,1
85152,202408,0
33425,202408,0
41867,202408,0
2140,202408,0
35763,202408,0
94382,202408,0
7209,202408,0
44074,202408,0
9094,202408,0
39563,202408,0
75695,202408,0
36160,202408,0
94197,202408,0
19394,202408,0
58914,202408,0
40838,202408,0
57891,202408,0
393,202408,0
50702,202408,0
66919,202408,0
37952,202408,0
56823,202408,0
20117,202408,0
18287,202408,0
55307,202408,0
74995,202408,0
92165,202408,0
65771,202408,0
10003,202408,0
52781,202408,0
2776,202408,0
59563,202408,0
70070,202408,0
34773,202408,0
10853,202408,0
54975,202408,0
81602,202408,0
98039,202408,0
13479,202408,0
34113,202408,0
22865,202408,0
8325,202408,0
50222,202408,0
6652,202408,0
61310,202408,0
57586,202408,0
10511,202408,0
5421,202408,0
19837,202408,0
37303,202408,0
45938,202408,0
82732,202408,0
89699,202408,0
76302,202408,0
83903,202408,0
46668,202408,0
63699,202408,0
77195,202408,0
6594,202408,0
27106,202408,0
63232,202408,0
96079,202408,0
69253,202408,0
55608,202408,0
89848,202408,0
76232,202408,0
4720,202408,0
34918,202408,0
47315,202408,0
47315,202408,0
17400,202408,0
12034,202408,0
62608,202408,0
95553,202408,0
40494,202408,0
60924,202408,0
90036,202408,0
13344,202408,0
6542,202408,0
79452,202408,0
43935,202408,0
82781,202408,0
71338,202408,0
80443,202408,0
69478,202408,0
72649,202408,0
42611,202408,0
90048,202408,0
43357,202408,0
12894,202408,0
87276,202408,0
57087,202408,0
15801,202408,0
30245,202408,0
12120,202408,0
90244,202408,0
5045,202408,0
5045,202408,0
77397,202408,0
48885,202408,0
56863,202408,0
74799,202408,0
35373,202408,0
77004,202408,0
4441,202408,0
87498,202408,0
7812,202408,0
18951,202408,0
72228,202408,0
24478,202408,0
35455,202408,0
14698,202408,0
73825,202408,0
32188,202408,0
36299,202408,0
19213,202408,0
51860,202408,0
23147,202408,0
8775,202408,0
46958,202408,0
32239,202408,0
63265,202408,0
97536,202408,0
35209,202408,0
66732,202408,0
91103,202408,0
16549,202408,0
75499,202408,0
67299,202408,0
23189,202408,0
82210,202408,0
97623,202408,0
22342,202408,0
30476,202408,0
71275,202408,0
59116,202408,0
24204,202408,0
35180,202408,0
47556,202408,0
97406,202408,0
96441,202408,0
11118,202408,0
25812,202408,0
85888,202408,0
96056,202408,0
31057,202408,0
20541,202408,0
49393,202408,0
84060,202408,0
73757,202408,0
74868,202408,0
97634,202408,0
78014,202408,0
8486,202408,0
62209,202408,0
62209,202408,0
42202,202408,0
27794,202408,0
79653,202408,0
15476,202408,0
44305,202408,0
56939,202408,0
83305,202408,0
94914,202408,1
41722,202408,0
44757,202408,0
44515,202408,0
45939,202408,0
15943,202408,0
65152,202408,0
11735,202408,0
70494,202408,0
67596,202408,0
94830,202408,0
53962,202408,0
73243,202408,0
62138,202408,0
10982,202408,0
429,202408,0
69935,202408,0
28788,202408,0
66856,202408,0
9302,202408,0
34775,202408,0
53786,202408,0
40991,202408,0
1631,202408,0
15366,202408,0
87361,202408,0
87361,202408,0
53574,202408,0
2370,202408,0
51265,202408,0
51265,202408,0
66214,202408,0
85087,202408,0
13496,202408,0
71859,202408,0
8330,202408,0
40823,202408,0
40823,202408,0
40823,202408,0
32698,202408,0
61380,202408,0
45790,202408,0
82841,202408,0
40107,202408,0
73428,202408,0
50103,202408,0
87525,202408,0
87525,202408,0
87525,202408,0
97811,202408,0
34392,202408,0
56485,202408,0
7445,202408,0
72926,202408,0
46016,202408,0
50976,202408,0
86576,202408,0
22941,202408,0
96159,202408,0
16331,202408,0
23946,202408,0
4504,202408,0
45635,202408,0
6111,202408,0
19632,202408,0
98129,202408,0
67831,202408,0
91465,202408,0
77588,202408,0
51259,202408,0
85600,202408,0
25878,202408,0
67096,202408,0
68535,202408,0
53584,202408,0
98197,202408,0
72410,202408,0
49858,202408,0
63190,202408,0
93175,202408,0
29430,202408,0
64488,202408,0
87919,202408,0
13177,202408,0
24973,202408,0
5547,202408,0
62459,202408,0
53580,202408,0
71408,202408,0
12011,202408,0
28388,202408,0
54839,202408,0
85326,202408,0
79151,202408,0
68278,202408,0
89375,202408,0
68261,202408,0
42710,202408,0
7145,202408,0
91943,202408,0
38768,202408,0
22779,202408,0
39834,202408,0
4995,202408,0
23052,202408,0
64051,202408,0
30105,202408,0
45648,202408,0
46118,202408,0
66844,202408,0
82936,202408,0
25789,202408,0
12716,202408,0
23653,202408,0
60007,202408,0
10357,202408,0
93883,202408,0
24762,202408,0
78069,202408,1
26088,202408,0
34946,202408,0
25001,202408,0
81537,202408,0
18580,202408,0
29873,202408,0
8166,202408,0
72985,202408,0
36383,202408,0
45852,202408,0
72413,202408,0
4536,202408,0
46231,202408,0
44743,202408,0
2544,202408,0
2544,202408,0
2544,202408,0
2544,202408,0
2544,202408,0
96217,202408,0
80246,202408,0
48428,202408,0
48158,202408,0
84624,202408,0
82035,202408,0
13467,202408,0
33844,202408,0
5382,202408,0
35010,202408,0
39898,202408,0
23571,202408,0
60202,202408,0
34617,202408,0
19650,202408,0
13920,202408,0
56487,202408,0
18261,202408,0
50316,202408,0
13399,202408,0
54971,202408,0
39095,202408,0
65547,202408,0
18188,202408,0
15573,202408,0
91859,202408,0
8345,202408,0
99040,202408,0
82814,202408,0
76646,202408,0
96078,202408,0
37201,202408,0
46300,202408,0
93054,202408,0
13012,202408,0
47254,202408,0
31249,202408,0
92216,202408,0
85494,202408,0
45208,202408,0
50753,202408,0
71201,202408,0
10700,202408,0
49905,202408,0
10171,202408,0
32327,202408,0
87679,202408,0
66735,202408,0
19823,202408,0
35138,202408,0
73720,202408,0
80568,202408,0
14875,202408,0
36405,202408,0
20265,202408,0
94243,202408,0
81995,202408,0
64595,202408,0
10494,202408,0
10200,202408,0
75803,202408,0
54051,202408,0
78231,202408,0
66525,202408,0
5311,202408,0
76297,202408,0
2435,202408,0
94606,202408,0
2893,202408,0
24824,202408,0
42860,202408,0
77727,202408,0
77151,202408,0
60578,202408,1
47546,202408,0
45517,202408,0
27573,202408,0
77757,202408,0
85085,202408,0
59908,202408,0
55018,202408,0
17212,202408,0
56297,202408,0
22343,202408,0
64240,202408,0
77758,202408,0
77758,202408,0
95282,202408,0
17536,202408,0
49140,202408,0
53696,202408,0
77847,202408,0
14150,202408,0
7553,202408,0
55243,202408,0
34470,202408,0
34470,202408,0
8208,202408,0
9585,202408,0
22565,202408,0
63708,202408,1
21686,202408,0
15756,202408,0
70395,202408,0
29748,202408,0
52636,202408,0
52636,202408,0
19369,202408,0
92514,202408,0
96036,202408,0
29352,202408,0
53253,202408,0
6144,202408,0
52662,202408,0
64607,202408,0
43522,202408,0
64014,202408,0
19642,202408,0
32445,202408,0
93767,202408,0
52492,202408,0
78781,202408,0
78641,202408,0
69973,202408,0
48799,202408,0
48799,202408,0
33807,202408,0
47610,202408,0
98758,202408,0
6553,202408,0
70977,202408,0
8422,202408,0
54611,202408,0
85835,202408,0
77372,202408,0
30509,202408,0
47410,202408,0
58588,202408,0
15656,202408,0
27368,202408,0
66823,202408,0
81751,202408,0
46365,202408,0
10192,202408,0
23354,202408,0
7979,202408,0
5797,202408,0
29672,202408,0
5286,202408,0
9959,202408,0
50544,202408,0
72225,202408,0
72225,202408,0
64709,202408,0
51034,202408,0
34992,202408,0
92374,202408,0
44089,202408,0
1824,202408,0
42385,202408,0
53792,202408,0
81637,202408,0
3030,202408,0
73559,202408,0
66426,202408,0
79098,202408,0
15015,202408,0
82665,202408,0
98604,202408,0
84743,202408,0
63617,202408,0
33496,202408,0
1045,202408,0
81821,202408,0
37496,202408,0
5029,202408,1
65704,202408,0
62853,202408,0
94207,202408,0
94207,202408,0
85944,202408,0
91018,202408,0
93601,202408,0
1049,202408,0
79059,202408,0
5536,202408,0
93542,202408,0
58005,202408,0
9219,202408,0
23432,202408,0
72740,202408,0
32537,202408,0
92599,202408,0
8431,202408,0
2920,202408,0
95350,202408,0
47481,202408,0
53849,202408,0
28594,202408,0
715,202408,0
91230,202408,0
49051,202408,0
64474,202408,0
55212,202408,0
70063,202408,0
32220,202408,0
14886,202408,0
687,202408,0
69949,202408,0
82276,202408,0
65343,202408,0
14787,202408,0
22541,202408,0
80612,202408,0
3621,202408,0
86228,202408,0
80951,202408,0
25967,202408,0
2041,202408,0
37119,202408,0
30368,202408,0
9023,202408,0
28002,202408,0
58722,202408,0
63290,202408,0
81015,202408,0
48652,202408,0
12067,202408,1
996,202408,0
25990,202408,0
96274,202408,0
17362,202408,0
76350,202408,0
42240,202408,0
71666,202408,0
36513,202408,0
1643,202408,0
76566,202408,0
3756,202408,0
27967,202408,0
95168,202408,0
47463,202408,0
98752,202408,0
32016,202408,0
54817,202408,0
78361,202408,0
12129,202408,0
93075,202408,0
23772,202408,0
26407,202408,0
41669,202408,0
76333,202408,0
94803,202408,0
63141,202408,0
85562,202408,0
39610,202408,0
41608,202408,0
59051,202408,0
77103,202408,0
89473,202408,0
77777,202408,0
47466,202408,0
8950,202408,0
63973,202408,0
73769,202408,0
40882,202408,0
61789,202408,0
74628,202408,0
55264,202408,0
21235,202408,0
7448,202408,0
96921,202408,0
97282,202408,0
75631,202408,0
66950,202408,0
89064,202408,0
39226,202408,0
90405,202408,0
58238,202408,0
58022,202408,0
8168,202408,0
98175,202408,0
21060,202408,0
86883,202408,0
71233,202408,0
20598,202408,0
1863,202408,0
85379,202408,0
85191,202408,0
8872,202408,0
90888,202408,0
18748,202408,0
30152,202408,0
18525,202408,0
38026,202408,0
1392,202408,0
4141,202408,0
43537,202408,0
52251,202408,0
27875,202408,0
27875,202408,0
11977,202408,0
68321,202408,0
39363,202408,0
49348,202408,1
87466,202408,0
55338,202408,0
93892,202408,0
75828,202408,0
75828,202408,0
75895,202408,0
59857,202408,0
39168,202408,0
51896,202408,0
30131,202408,0
36601,202408,0
96554,202408,0
69329,202408,0
69329,202408,0
74047,202408,0
9283,202408,0
99412,202408,0
61427,202408,0
74909,202408,0
74909,202408,0
77570,202408,0
2872,202408,0
68172,202408,0
53026,202408,0
83633,202408,0
28090,202408,0
87928,202408,0
24696,202408,0
46789,202408,0
61766,202408,0
25272,202408,0
27160,202408,0
57555,202408,0
81228,202408,0
71143,202408,0
90796,202408,0
81859,202408,0
38033,202408,0
68596,202408,0
30811,202408,0
30811,202408,0
30371,202408,0
33458,202408,0
33458,202408,0
45777,202408,0
10411,202408,0
21212,202408,0
83570,202408,0
42163,202408,0
79336,202408,0
4238,202408,0
42149,202408,0
54956,202408,0
47039,202408,0
70200,202408,0
28950,202408,0
36818,202408,1
38942,202408,0
1982,202408,0
34867,202408,0
11427,202408,0
37761,202408,0
86284,202408,0
51288,202408,0
35243,202408,0
71699,202408,0
52709,202408,0
83032,202408,0
3267,202408,0
69545,202408,0
20503,202408,0
31699,202408,0
97593,202408,0
80537,202408,0
26225,202408,0
34389,202408,0
61658,202408,0
48359,202408,0
68556,202408,0
90925,202408,0
42576,202408,0
38406,202408,0
18210,202408,0
31585,202408,0
16513,202408,0
64524,202408,0
3092,202408,0
51268,202408,0
46885,202408,0
35918,202408,0
65616,202408,0
98995,202408,0
87318,202408,0
9347,202408,0
41094,202408,0
18126,202408,0
56223,202408,0
12345,202408,0
9382,202408,0
4153,202408,0
99698,202408,0
72178,202408,0
78863,202408,0
8068,202408,0
12576,202408,0
21360,202408,0
99044,202408,0
85304,202408,1
79496,202408,0
8403,202408,0
76768,202408,0
89552,202408,0
75189,202408,1
79514,202408,0
4278,202408,0
92892,202408,0
18179,202408,0
50679,202408,0
23032,202408,0
24224,202408,0
55265,202408,0
88016,202408,0
47221,202408,0
72073,202408,0
146,202408,0
86928,202408,0
30948,202408,0
35515,202408,0
99248,202408,0
37483,202408,0
54915,202408,0
4828,202408,0
81872,202408,0
46344,202408,0
88286,202408,0
66090,202408,0
13402,202408,0
78489,202408,0
95306,202408,0
481,202408,0
13531,202408,0
58834,202408,0
37101,202408,0
4380,202408,0
86866,202408,0
44596,202408,0
29030,202408,0
98945,202408,0
99902,202408,0
60393,202408,0
73651,202408,0
42481,202408,0
91498,202408,0
68239,202408,0
27953,202408,0
46571,202408,0
37113,202408,0
45844,202408,0
64664,202408,0
78521,202408,0
39117,202408,0
39388,202408,0
93642,202408,0
24380,202408,0
42831,202408,0
5345,202408,0
54800,202408,0
19666,202408,0
33438,202408,0
17650,202408,0
12101,202408,0
79065,202408,0
50878,202408,0
50878,202408,0
50878,202408,0
7596,202408,0
54206,202408,0
49709,202408,1
70152,202408,0
35608,202408,0
42492,202408,0
89640,202408,0
14687,202408,0
25021,202408,0
68395,202408,0
79255,202408,0
46217,202408,0
19078,202408,0
95722,202408,0
3131,202408,0
39609,202408,0
88171,202408,0
23428,202408,0
82012,202408,0
74644,202408,0
48042,202408,0
231,202408,0
1998,202408,0
62707,202408,0
71999,202408,0
63043,202408,0
14039,202408,0
47539,202408,0
35680,202408,0
44266,202408,0
90362,202408,0
20564,202408,0
50562,202408,0
75609,202408,0
65707,202408,0
58235,202408,0
96904,202408,0
53802,202408,0
50003,202408,0
33138,202408,0
94031,202408,0
7913,202408,0
35522,202408,0
2087,202408,0
96175,202408,0
63942,202408,0
29198,202408,0
73391,202408,0
98067,202408,0
39261,202408,0
14860,202408,0
76047,202408,0
97812,202408,0
38912,202408,0
35063,202408,0
67210,202408,0
18314,202408,0
18314,202408,0
18314,202408,0
10432,202408,0
4266,202408,0
31325,202408,0
35182,202408,0
50174,202408,0
51131,202408,0
86583,202408,0
16855,202408,0
61970,202408,0
5958,202408,0
25798,202408,0
37760,202408,0
23777,202408,0
41032,202408,0
74844,202408,0
7455,202408,0
64481,202408,0
26464,202408,0
70660,202408,0
68806,202408,0
47346,202408,0
3619,202408,0
78676,202408,0
85784,202408,0
97379,202408,0
21505,202408,0
83439,202408,0
17090,202408,0
48294,202408,0
42938,202408,0
25278,202408,0
39262,202408,0
60268,202408,0
77821,202408,0
85957,202408,0
48661,202408,0
52861,202408,0
55872,202408,0
24381,202408,0
57456,202408,0
75788,202408,0
23414,202408,0
78859,202408,0
14022,202408,0
62131,202408,0
54955,202408,0
2841,202408,0
84253,202408,0
39500,202408,0
63789,202408,0
46399,202408,0
58042,202408,0
55138,202408,0
37956,202408,0
26768,202408,0
62730,202408,0
18947,202408,0
8656,202408,0
89271,202408,0
14418,202408,0
33896,202408,0
63475,202408,0
83346,202408,0
60237,202408,0
86174,202408,0
19145,202408,0
63579,202408,0
15905,202408,0
82704,202408,0
8727,202408,0
78205,202408,0
36755,202408,0
32485,202408,0
72166,202408,0
6863,202408,0
40712,202408,0
86017,202408,0
83968,202408,0
91442,202408,0
12185,202408,0
80065,202408,0
50294,202408,0
76718,202408,0
15094,202408,0
26165,202408,0
34249,202408,0
83596,202408,0
85970,202408,0
5655,202408,0
82059,202408,0
29887,202408,0
49796,202408,0
12422,202408,0
85255,202408,0
90279,202408,0
94978,202408,1
77170,202408,0
18258,202408,0
18424,202408,0
75218,202408,1
46825,202408,0
6592,202408,0
15606,202408,0
90346,202408,0
1198,202408,0
5552,202408,0
43043,202408,0
95698,202408,0
64108,202408,0
47389,202408,0
94253,202408,1
90316,202408,0
62667,202408,0
50747,202408,1
52699,202408,0
93793,202408,0
82591,202408,0
65139,202408,0
12040,202408,0
53695,202408,0
63120,202408,0
69550,202408,0
13792,202408,0
50024,202408,0
21966,202408,0
80122,202408,0
70945,202408,0
1125,202408,0
38054,202408,0
11375,202408,0
53220,202408,0
7287,202408,0
93386,202408,0
43040,202408,0
95802,202408,0
43066,202408,0
1208,202408,0
68152,202408,0
97953,202408,0
94878,202408,0
42087,202408,0
42087,202408,0
42087,202408,0
30750,202408,0
56677,202408,0
9499,202408,0
89158,202408,0
3443,202408,0
27247,202408,0
7048,202408,0
32091,202408,0
84431,202408,0
82417,202408,0
72561,202408,0
57938,202408,0
19794,202408,0
75176,202408,0
42699,202408,0
64528,202408,0
57014,202408,0
46557,202408,0
66773,202408,0
56093,202408,0
83177,202408,0
29053,202408,1
57469,202408,0
56480,202408,0
56761,202408,0
1803,202408,0
83304,202408,0
53330,202408,0
33610,202408,0
22804,202408,0
2932,202408,0
56144,202408,0
69029,202408,0
29834,202408,0
21356,202408,0
94953,202408,0
65538,202408,0
70238,202408,0
40249,202408,0
24922,202408,0
31337,202408,1
5226,202408,0
68019,202408,0
43146,202408,0
45,202408,0
65140,202408,0
10665,202408,0
72505,202408,0
91229,202408,0
634,202408,0
93374,202408,0
4136,202408,0
62018,202408,0
65810,202408,0
80653,202408,0
36486,202408,0
80774,202408,0
27044,202408,1
31280,202408,0
67255,202408,0
23137,202408,0
22893,202408,0
24409,202408,0
61134,202408,0
79029,202408,0
27738,202408,0
6911,202408,0
45236,202408,0
11822,202408,0
76316,202408,0
7306,202408,0
62249,202408,0
23514,202408,0
23719,202408,0
38057,202408,0
1937,202408,0
94854,202408,0
1188,202408,0
3908,202408,0
15161,202408,0
34467,202408,0
40565,202408,0
45230,202408,0
28198,202408,0
83970,202408,0
91688,202408,0
60948,202408,0
25679,202408,0
82705,202408,0
82393,202408,0
82393,202408,0
66311,202408,0
61722,202408,0
30438,202408,0
23397,202408,0
9593,202408,0
39447,202408,0
51809,202408,0
80846,202408,0
22858,202408,0
74567,202408,0
69911,202408,0
52051,202408,0
57834,202408,0
30718,202408,1
25371,202408,0
60067,202408,0
60727,202408,0
58159,202408,0
22656,202408,0
36573,202408,0
17320,202408,0
90501,202408,0
72193,202408,0
71253,202408,0
71253,202408,0
39841,202408,0
19780,202408,0
27590,202408,0
98217,202408,0
83821,202408,0
31,202408,0
42716,202408,0
80401,202408,0
83243,202408,0
17658,202408,0
5063,202408,0
6168,202408,0
85839,202408,0
18633,202408,0
22289,202408,0
6247,202408,0
51247,202408,0
91781,202408,0
49260,202408,0
85138,202408,0
91468,202408,0
13411,202408,0
80384,202408,0
46941,202408,0
95311,202408,0
9645,202408,0
53314,202408,0
54891,202408,0
970,202408,0
970,202408,0
43701,202408,0
53656,202408,0
95958,202408,0
95958,202408,0
16076,202408,0
45300,202408,0
76426,202408,0
46089,202408,0
22694,202408,0
46940,202408,0
51984,202408,0
24399,202408,0
63296,202408,0
57207,202408,0
79522,202408,1
53408,202408,0
61512,202408,0
30619,202408,0
14679,202408,0
33522,202408,0
9,202408,0
44626,202408,0
24539,202408,0
78578,202408,0
37035,202408,0
67414,202408,0
38121,202408,0
21564,202408,0
98797,202408,0
89020,202408,1
45100,202408,0
65685,202408,0
22094,202408,0
99546,202408,0
72436,202408,0
71014,202408,0
50137,202408,0
9621,202408,0
71237,202408,0
33015,202408,0
14544,202408,0
74534,202408,0
85971,202408,0
19931,202408,1
45845,202408,0
45845,202408,0
77676,202408,0
48383,202408,0
82090,202408,0
94029,202408,0
28088,202408,0
84284,202408,0
600,202408,0
41818,202408,0
54016,202408,0
35062,202408,0
4072,202408,0
6593,202408,0
85884,202408,0
81593,202408,0
96085,202408,0
35192,202408,0
38818,202408,0
32198,202408,0
67547,202408,0
59093,202408,0
54104,202408,0
10471,202408,1
7869,202408,0
84688,202408,0
39354,202408,0
48966,202408,0
16733,202408,0
65820,202408,0
46908,202408,0
8279,202408,0
64970,202408,0
9932,202408,0
78258,202408,0
8925,202408,0
14048,202408,0
83509,202408,0
22162,202408,0
86321,202408,0
27502,202408,0
25468,202408,0
22579,202408,0
87975,202408,0
33364,202408,0
70253,202408,0
86238,202408,0
69657,202408,0
97850,202408,0
66666,202408,0
25298,202408,1
99048,202408,0
39134,202408,0
9432,202408,0
81548,202408,0
12924,202408,0
25028,202408,0
46335,202408,0
51637,202408,0
99650,202408,0
62294,202408,0
3978,202408,0
14575,202408,0
99726,202408,0
89846,202408,0
36603,202408,0
65566,202408,0
22333,202408,0
6875,202408,0
99811,202408,0
56981,202408,0
37890,202408,0
62247,202408,0
8630,202408,0
52774,202408,0
55344,202408,0
70838,202408,0
91119,202408,0
24816,202408,0
17922,202408,0
25857,202408,0
20327,202408,0
20327,202408,0
20327,202408,0
20327,202408,0
2469,202408,0
10863,202408,0
16121,202408,0
83647,202408,0
41999,202408,0
42792,202408,0
77447,202408,0
76479,202408,0
69088,202408,0
95132,202408,0
79250,202408,0
24741,202408,0
75050,202408,0
14218,202408,0
80667,202408,0
56204,202408,0
30161,202408,0
24974,202408,0
90104,202408,0
53747,202408,0
92509,202408,0
57833,202408,0
17476,202408,0
81327,202408,0
63565,202408,0
10401,202408,0
13579,202408,0
13257,202408,1
67211,202408,0
64216,202408,0
19407,202408,0
57064,202408,0
13430,202408,0
63730,202408,0
47111,202408,0
25417,202408,0
585,202408,0
85168,202408,0
93583,202408,0
68080,202408,0
8287,202408,0
62792,202408,0
28715,202408,0
74075,202408,0
18611,202408,0
18163,202408,0
89857,202408,0
29372,202408,0
74807,202408,0
28755,202408,0
37992,202408,1
48233,202408,0
38596,202408,0
40285,202408,0
20627,202408,0
62817,202408,0
87657,202408,0
42201,202408,0
93513,202408,0
97676,202408,0
92197,202408,0
74634,202408,0
68189,202408,0
33759,202408,0
8252,202408,0
68438,202408,0
93738,202408,0
48486,202408,0
14831,202408,0
42062,202408,0
66175,202408,0
37389,202408,0
33193,202408,0
875,202408,0
3870,202408,0
51800,202408,0
50491,202408,0
48921,202408,0
48921,202408,0
48921,202408,0
75005,202408,0
41130,202408,0
32808,202408,0
46457,202408,0
61562,202408,0
56464,202408,0
20430,202408,0
57126,202408,0
44054,202408,0
59777,202408,0
8271,202408,0
30527,202408,0
40936,202408,0
45763,202408,0
28162,202408,0
55590,202408,0
940,202408,0
44371,202408,0
23162,202408,0
98147,202408,0
18707,202408,1
49703,202408,0
7772,202408,0
18458,202408,0
61096,202408,0
30874,202408,0
3745,202408,0
48517,202408,0
24894,202408,0
6427,202408,0
92817,202408,0
13169,202408,0
29096,202408,0
96696,202408,0
98659,202408,0
95725,202408,0
8377,202408,0
3758,202408,0
91207,202408,0
66713,202408,0
13492,202408,0
63194,202408,0
57158,202408,0
18276,202408,0
51393,202408,0
91173,202408,0
39516,202408,0
13473,202408,0
83292,202408,0
16481,202408,0
78975,202408,0
87049,202408,0
58369,202408,0
14955,202408,0
93223,202408,0
21364,202408,0
45519,202408,0
13983,202408,0
15973,202408,0
72394,202408,0
21796,202408,0
49185,202408,0
78893,202408,0
5157,202408,0
49480,202408,0
74632,202408,0
36731,202408,0
61892,202408,0
77361,202408,0
63774,202408,0
91115,202408,0
55347,202408,0
93026,202408,0
29231,202408,0
81967,202408,0
57689,202408,0
3577,202408,0
78785,202408,0
54673,202408,0
71784,202408,0
51297,202408,0
49849,202408,0
61874,202408,0
33410,202408,0
14600,202408,0
35900,202408,0
58193,202408,0
11277,202408,0
40873,202408,0
2034,202408,0
44676,202408,0
54842,202408,0
75462,202408,0
65719,202408,0
43376,202408,0
13229,202408,0
34459,202408,0
89502,202408,0
84403,202408,0
19194,202408,0
68540,202408,0
15608,202408,0
16341,202408,0
36881,202408,0
49424,202408,0
54715,202408,0
92757,202408,0
84590,202408,0
68788,202408,0
71114,202408,0
89122,202408,0
26006,202408,0
79444,202408,0
5927,202408,0
28880,202408,0
86326,202408,0
73802,202408,0
40298,202408,0
91763,202408,0
78563,202408,0
69305,202408,0
77952,202408,0
77952,202408,0
17102,202408,0
14914,202408,0
19698,202408,0
28800,202408,0
83870,202408,0
99112,202408,0
22999,202408,0
31937,202408,0
54553,202408,0
67594,202408,0
18803,202408,0
37465,202408,0
64308,202408,0
76205,202408,0
27795,202408,0
35403,202408,0
99658,202408,0
19867,202408,0
40668,202408,0
3283,202408,0
90106,202408,0
57208,202408,0
73553,202408,0
14770,202408,0
15565,202408,0
50615,202408,0
32015,202408,0
26600,202408,0
95511,202408,0
33426,202408,0
47972,202408,0
24712,202408,0
33669,202408,0
66777,202408,0
62066,202408,0
34454,202408,0
35196,202408,0
55262,202408,0
70561,202408,0
86253,202408,0
94278,202408,0
30760,202408,0
57385,202408,0
34206,202408,0
7355,202408,0
74005,202408,0
91931,202408,0
66839,202408,0
98614,202408,0
78618,202408,0
28518,202408,0
76370,202408,0
23701,202408,0
87353,202408,0
60784,202408,0
3893,202408,0
83307,202408,0
60916,202408,0
36697,202408,0
82269,202408,0
53236,202408,0
16597,202408,0
38182,202408,0
86218,202408,0
50307,202408,0
69497,202408,0
83497,202408,0
14029,202408,0
15129,202408,0
68730,202408,0
30228,202408,0
36334,202408,0
60977,202408,0
4541,202408,0
25448,202408,0
69581,202408,0
28778,202408,0
29246,202408,0
60133,202408,0
1013,202408,0
41302,202408,0
69443,202408,0
7290,202408,0
87703,202408,0
90054,202408,0
11183,202408,0
69836,202408,0
32144,202408,0
30296,202408,0
93439,202408,0
81904,202408,0
39585,202408,0
52474,202408,0
29936,202408,0
15209,202408,0
85395,202408,0
72236,202408,0
81296,202408,0
65365,202408,0
99975,202408,0
35128,202408,0
65780,202408,0
3063,202408,0
35762,202408,0
82077,202408,0
12652,202408,0
86978,202408,0
76436,202408,0
76436,202408,0
76436,202408,0
9968,202408,0
37242,202408,0
49989,202408,0
45727,202408,0
39648,202408,0
33352,202408,0
77475,202408,0
54718,202408,0
51267,202408,0
86302,202408,0
38859,202408,0
6018,202408,0
98905,202408,0
8195,202408,0
74827,202408,0
90854,202408,0
328,202408,0
11510,202408,0
76752,202408,0
76665,202408,0
88201,202408,0
47069,202408,0
65587,202408,0
80335,202408,0
15570,202408,0
86453,202408,0
26039,202408,0
36526,202408,0
87468,202408,0
57462,202408,0
70287,202408,0
38787,202408,0
90487,202408,1
1591,202408,0
18712,202408,0
70097,202408,0
35022,202408,0
15736,202408,0
74682,202408,0
72875,202408,0
29059,202408,0
6298,202408,0
30602,202408,0
56452,202408,0
63113,202408,0
20532,202408,0
1622,202408,0
25170,202408,0
25170,202408,0
80740,202408,0
56066,202408,0
61089,202408,0
75769,202408,0
26074,202408,0
53086,202408,1
45953,202408,0
83701,202408,0
39807,202408,0
81304,202408,0
44858,202408,0
21585,202408,0
1193,202408,0
46461,202408,0
83487,202408,0
12897,202408,0
49398,202408,0
6757,202408,0
15578,202408,0
17499,202408,0
7189,202408,0
20690,202408,0
46463,202408,0
40999,202408,0
83461,202408,0
36253,202408,0
15084,202408,0
48444,202408,0
57866,202408,0
33153,202408,0
29737,202408,0
62287,202408,0
50098,202408,0
80323,202408,0
65965,202408,0
6529,202408,0
6529,202408,0
6529,202408,0
6529,202408,0
44567,202408,0
44567,202408,0
44567,202408,0
52478,202408,0
12613,202408,0
7541,202408,0
62300,202408,0
41631,202408,0
41631,202408,0
69132,202408,0
3322,202408,0
97663,202408,0
33993,202408,0
59494,202408,0
23281,202408,0
64183,202408,0
82351,202408,0
66854,202408,0
53417,202408,0
57349,202408,0
71864,202408,0
1199,202408,0
1199,202408,0
32647,202408,0
9971,202408,0
79362,202408,0
39708,202408,0
90435,202408,0
87200,202408,0
337,202408,0
263,202408,0
66437,202408,0
56458,202408,0
11299,202408,0
90842,202408,0
10169,202408,0
11227,202408,0
68009,202408,0
2972,202408,0
26078,202408,0
40464,202408,0
79550,202408,0
87281,202408,0
26351,202408,0
9435,202408,0
62338,202408,0
57271,202408,0
27729,202408,0
36254,202408,0
78328,202408,0
56895,202408,0
57223,202408,0
37118,202408,0
11180,202408,0
10038,202408,0
44955,202408,0
86743,202408,0
67533,202408,0
91949,202408,0
89081,202408,0
55300,202408,0
44280,202408,0
51204,202408,0
20605,202408,0
83368,202408,0
7436,202408,0
92932,202408,0
676,202408,1
13597,202408,0
90055,202408,0
62873,202408,0
79904,202408,0
31954,202408,0
28096,202408,0
13280,202408,0
5401,202408,0
7201,202408,0
8117,202408,0
78209,202408,0
82406,202408,0
99403,202408,0
8378,202408,0
4179,202408,0
2789,202408,0
78376,202408,0
17959,202408,0
12506,202408,0
57930,202408,0
76170,202408,0
78577,202408,0
36730,202408,0
72158,202408,0
12189,202408,0
39152,202408,0
69342,202408,0
75329,202408,0
38545,202408,0
59510,202408,0
88117,202408,0
28226,202408,0
30973,202408,0
54488,202408,0
20385,202408,0
92516,202408,0
6404,202408,0
68655,202408,0
1566,202408,0
53651,202408,0
46054,202408,0
59288,202408,0
83667,202408,0
74895,202408,0
74895,202408,0
74895,202408,0
64447,202408,0
2130,202408,0
6411,202408,0
67586,202408,0
67586,202408,0
80141,202408,0
19185,202408,0
42993,202408,0
32206,202408,0
73096,202408,0
57159,202408,0
19282,202408,0
82506,202408,0
73819,202408,0
44029,202408,0
44029,202408,0
94630,202408,0
54883,202408,1
60022,202408,0
51843,202408,0
66087,202408,0
3026,202408,0
93733,202408,0
16252,202408,0
57754,202408,0
85537,202408,0
27790,202408,0
13911,202408,0
99532,202408,0
61856,202408,0
71572,202408,0
31959,202408,0
68063,202408,0
68968,202408,0
52214,202408,0
89591,202408,0
77917,202408,0
4264,202408,0
57726,202408,0
38945,202408,0
30522,202408,0
86280,202408,0
10833,202408,0
43698,202408,0
36661,202408,0
43209,202408,0
95924,202408,0
33418,202408,0
40145,202408,0
72272,202408,0
57031,202408,0
27923,202408,0
32132,202408,0
86878,202408,0
5614,202408,0
5614,202408,0
98769,202408,0
56305,202408,0
83529,202408,0
77127,202408,0
40374,202408,0
70691,202408,0
15634,202408,0
29513,202408,0
33321,202408,0
98809,202408,0
37781,202408,0
48507,202408,0
60394,202408,0
6333,202408,0
39513,202408,0
39513,202408,0
68317,202408,0
79845,202408,0
85828,202408,0
94024,202408,0
10246,202408,0
75310,202408,0
10984,202408,0
76231,202408,0
1971,202408,0
57226,202408,0
63778,202408,0
74189,202408,0
51335,202408,0
51335,202408,0
7612,202408,0
41567,202408,0
65411,202408,1
52572,202408,0
91623,202408,0
95975,202408,0
10565,202408,0
20097,202408,0
59200,202408,0
69705,202408,0
30126,202408,0
99932,202408,0
92680,202408,0
29685,202408,0
60789,202408,0
78564,202408,0
35859,202408,0
19234,202408,0
57993,202408,0
50760,202408,0
90359,202408,0
90443,202408,0
54610,202408,0
60955,202408,0
60955,202408,0
79976,202408,0
86154,202408,0
11937,202408,0
66196,202408,0
53683,202408,0
57084,202408,0
16004,202408,0
11110,202408,0
1632,202408,0
6822,202408,0
55121,202408,0
66404,202408,0
57853,202408,0
60717,202408,0
94070,202408,0
74592,202408,0
99461,202408,0
16998,202408,0
17229,202408,0
31574,202408,0
18004,202408,0
48844,202408,0
41942,202408,0
43699,202408,0
37889,202408,0
95832,202408,0
57145,202408,0
39551,202408,0
19262,202408,0
19965,202408,0
83518,202408,0
44665,202408,0
10393,202408,0
75581,202408,0
75581,202408,0
19919,202408,1
69460,202408,0
90944,202408,0
12065,202408,0
32531,202408,0
43276,202408,0
16256,202408,0
74250,202408,0
64847,202408,0
79040,202408,0
82004,202408,0
82004,202408,0
82004,202408,0
37688,202408,0
63207,202408,0
7910,202408,0
82333,202408,0
49506,202408,0
2914,202408,0
60968,202408,0
38687,202408,0
82382,202408,0
56123,202408,0
68682,202408,0
56477,202408,0
50463,202408,0
31023,202408,0
7402,202408,0
8078,202408,0
15137,202408,0
48973,202408,0
58031,202408,0
85073,202408,0
87173,202408,0
77548,202408,0
41594,202408,0
2013,202408,0
48981,202408,0
38582,202408,0
65922,202408,0
21193,202408,0
57884,202408,0
77656,202408,0
37715,202408,0
63220,202408,0
93898,202408,0
45722,202408,0
65482,202408,0
4886,202408,0
65355,202408,0
46702,202408,0
74211,202408,0
2069,202408,0
90519,202408,0
8616,202408,0
10603,202408,0
10603,202408,0
11560,202408,0
82746,202408,0
92222,202408,0
79707,202408,0
47085,202408,0
98870,202408,0
53520,202408,0
7124,202408,0
4002,202408,0
7672,202408,0
54910,202408,0
13826,202408,0
48802,202408,0
65677,202408,0
86824,202408,0
19287,202408,0
49636,202408,0
87715,202408,0
58872,202408,0
25858,202408,0
14176,202408,1
75228,202408,0
70662,202408,0
40428,202408,0
34862,202408,0
39196,202408,0
70445,202408,0
28117,202408,0
59356,202408,0
39931,202408,0
40019,202408,0
29556,202408,0
16312,202408,0
89856,202408,0
96965,202408,0
2132,202408,0
25619,202408,0
1551,202408,0
51190,202408,0
59918,202408,0
29705,202408,0
56025,202408,0
1057,202408,0
74969,202408,0
90732,202408,0
37849,202408,0
46320,202408,0
32784,202408,0
22996,202408,0
62454,202408,0
2167,202408,0
45910,202408,0
33073,202408,0
30613,202408,0
40229,202408,0
418,202408,0
34517,202408,0
26802,202408,0
9218,202408,0
77710,202408,0
47609,202408,0
33723,202408,0
6710,202408,0
16197,202408,0
18085,202408,0
44365,202408,0
72209,202408,0
87559,202408,0
48325,202408,0
76917,202408,0
30922,202408,0
24021,202408,0
77002,202408,0
72022,202408,0
88346,202408,0
67425,202408,0
15646,202408,0
66149,202408,0
87156,202408,0
81123,202408,0
81379,202408,0
95934,202408,0
25201,202408,0
99145,202408,0
16515,202408,0
92439,202408,0
9675,202408,0
32105,202408,0
87864,202408,0
80409,202408,0
27432,202408,0
81557,202408,0
32728,202408,0
30858,202408,0
31110,202408,0
93976,202408,0
92707,202408,0
32183,202408,0
42470,202408,0
90504,202408,0
34357,202408,0
71909,202408,0
58354,202408,0
87900,202408,0
63063,202408,0
54293,202408,0
98515,202408,0
64193,202408,0
46401,202408,0
62761,202408,0
41243,202408,0
14026,202408,0
21943,202408,0
35227,202408,0
17839,202408,0
38328,202408,0
94903,202408,0
86325,202408,0
9653,202408,0
28509,202408,0
28509,202408,0
37285,202408,0
18825,202408,0
4802,202408,0
70855,202408,1
63104,202408,0
90822,202408,0
30514,202408,0
73946,202408,0
14059,202408,0
43389,202408,0
33627,202408,0
38170,202408,0
12132,202408,0
31630,202408,0
63114,202408,0
36360,202408,0
60721,202408,0
31239,202408,0
82093,202408,0
23926,202408,0
81582,202408,0
78118,202408,0
52333,202408,0
68120,202408,0
2293,202408,0
65582,202408,0
45341,202408,0
24173,202408,0
18320,202408,0
65158,202408,1
84042,202408,0
26249,202408,1
87665,202408,0
87665,202408,0
2818,202408,0
15218,202408,0
6641,202408,0
48375,202408,0
68525,202408,0
17473,202408,0
17473,202408,0
23294,202408,0
4170,202408,0
21458,202408,0
30778,202408,0
62746,202408,0
63685,202408,0
1375,202408,0
98464,202408,0
90546,202408,0
58114,202408,0
30992,202408,0
7137,202408,0
63363,202408,0
55412,202408,0
69166,202408,0
98599,202408,0
88978,202408,0
7199,202408,0
51790,202408,0
64673,202408,0
17990,202408,0
90173,202408,0
2358,202408,0
91360,202408,1
18718,202408,0
27997,202408,0
14736,202408,0
61023,202408,0
68615,202408,0
24485,202408,0
79871,202408,0
81042,202408,0
11087,202408,0
76246,202408,0
27133,202408,0
20575,202408,0
60191,202408,0
69135,202408,0
97891,202408,0
40323,202408,1
76420,202408,0
13269,202408,0
80189,202408,0
42095,202408,0
74110,202408,0
54764,202408,0
12982,202408,0
31116,202408,0
40844,202408,0
85327,202408,0
9947,202408,0
9947,202408,0
78485,202408,0
49193,202408,0
66076,202408,0
3112,202408,0
84471,202408,0
51889,202408,0
86221,202408,0
90434,202408,0
59986,202408,0
24079,202408,0
57601,202408,0
74114,202408,1
82395,202408,0
79889,202408,0
65744,202408,0
52190,202408,0
601,202408,0
9741,202408,0
66421,202408,0
51676,202408,0
77860,202408,0
95125,202408,0
55023,202408,0
53602,202408,0
39694,202408,0
39694,202408,0
56182,202408,0
50892,202408,0
11969,202408,0
5002,202408,0
31440,202408,0
7794,202408,0
81800,202408,0
22832,202408,0
2835,202408,0
43368,202408,0
1175,202408,0
72213,202408,0
52501,202408,0
9937,202408,0
20685,202408,0
43632,202408,0
47838,202408,0
63537,202408,0
41278,202408,0
49005,202408,1
88377,202408,0
43485,202408,0
96532,202408,0
99273,202408,0
6152,202408,0
6781,202408,0
90669,202408,0
53080,202408,0
65407,202408,0
52598,202408,0
27041,202408,0
46868,202408,0
10229,202408,0
7259,202408,0
62483,202408,0
62483,202408,0
39787,202408,0
57731,202408,0
3144,202408,0
46928,202408,0
11204,202408,0
34965,202408,0
96878,202408,0
51450,202408,0
11951,202408,0
19747,202408,0
10313,202408,0
10313,202408,0
64617,202408,0
46815,202408,1
41377,202408,0
61065,202408,0
44330,202408,0
43594,202408,0
36135,202408,0
13210,202408,0
44828,202408,0
38618,202408,0
85743,202408,0
46254,202408,0
98539,202408,0
33367,202408,0
78473,202408,0
90251,202408,0
45480,202408,0
28766,202408,0
74553,202408,0
24228,202408,0
3323,202408,0
88214,202408,0
35112,202408,0
42739,202408,0
98630,202408,0
329,202408,0
72503,202408,0
94862,202408,0
46474,202408,0
27845,202408,0
88877,202408,0
87828,202408,0
10071,202408,0
61694,202408,0
34853,202408,0
69468,202408,0
63238,202408,0
49853,202408,0
37394,202408,0
10666,202408,0
40984,202408,0
19692,202408,0
19692,202408,0
57807,202408,0
74617,202408,0
64499,202408,0
79699,202408,0
79699,202408,0
94540,202408,0
39541,202408,0
75655,202408,0
22693,202408,0
42106,202408,0
40909,202408,0
74668,202408,0
24162,202408,0
21491,202408,0
66543,202408,0
2106,202408,0
85384,202408,0
70605,202408,0
72747,202408,0
58993,202408,0
96314,202408,0
80118,202408,0
63958,202408,0
36052,202408,0
4595,202408,0
15864,202408,0
92515,202408,1
99629,202408,0
99629,202408,0
26697,202408,0
93856,202408,0
91926,202408,0
38602,202408,0
25245,202408,0
72768,202408,0
48729,202408,0
50091,202408,0
22167,202408,0
98369,202408,0
51663,202408,0
90652,202408,0
62094,202408,0
64194,202408,0
57621,202408,0
45409,202408,0
96588,202408,0
44861,202408,0
71911,202408,0
62059,202408,0
34406,202408,0
13104,202408,0
90764,202408,0
58400,202408,0
15698,202408,0
9049,202408,0
50349,202408,0
21681,202408,0
48588,202408,1
40068,202408,0
35692,202408,0
18017,202408,0
16766,202408,0
62011,202408,0
26662,202408,0
53407,202408,0
76954,202408,0
85574,202408,0
24641,202408,0
54479,202408,0
82091,202408,0
91317,202408,0
91648,202408,0
71505,202408,0
59785,202408,0
7816,202408,1
69333,202408,0
83394,202408,0
52928,202408,0
46796,202408,0
50477,202408,0
78948,202408,0
74011,202408,0
56789,202408,0
34094,202408,0
3828,202408,0
64134,202408,0
34934,202408,0
66969,202408,0
17533,202408,0
36910,202408,0
53545,202408,0
563,202408,0
18593,202408,0
77550,202408,0
27031,202408,0
264,202408,0
77628,202408,0
36215,202408,0
20036,202408,0
14007,202408,0
76342,202408,0
57008,202408,0
87044,202408,0
32433,202408,0
5152,202408,0
5684,202408,0
4118,202408,0
57882,202408,0
21285,202408,0
66336,202408,0
50720,202408,0
24860,202408,0
24860,202408,0
24860,202408,0
24860,202408,0
62380,202408,1
75593,202408,0
47598,202408,0
46929,202408,0
37066,202408,0
12436,202408,0
94344,202408,0
49094,202408,0
97851,202408,0
58956,202408,0
30759,202408,0
2529,202408,0
86790,202408,0
21201,202408,0
53178,202408,0
30679,202408,0
59485,202408,0
24244,202408,0
78279,202408,0
43861,202408,0
2356,202408,0
86774,202408,0
88383,202408,0
40706,202408,0
40706,202408,0
1877,202408,0
36365,202408,0
23722,202408,0
30828,202408,0
19073,202408,0
48855,202408,0
21170,202408,0
17066,202408,0
58345,202408,0
99388,202408,1
55266,202408,0
67526,202408,0
85378,202408,1
10885,202408,0
26528,202408,0
69496,202408,0
20808,202408,0
53349,202408,0
58998,202408,1
74401,202408,0
88981,202408,0
68891,202408,0
56656,202408,0
84709,202408,0
4240,202408,0
62438,202408,0
97051,202408,0
97051,202408,0
93013,202408,0
2211,202408,0
30140,202408,0
3750,202408,0
38211,202408,0
70634,202408,0
94681,202408,0
95841,202408,0
25684,202408,0
22499,202408,0
22580,202408,0
70517,202408,0
67038,202408,0
786,202408,0
34644,202408,0
56817,202408,0
48806,202408,0
55690,202408,0
37600,202408,0
57547,202408,0
56793,202408,0
56793,202408,0
34294,202408,0
21592,202408,0
69665,202408,0
87754,202408,0
29970,202408,0
91782,202408,0
69793,202408,0
68986,202408,0
33417,202408,0
16232,202408,0
27049,202408,0
83980,202408,0
12994,202408,0
23157,202408,0
94786,202408,0
4762,202408,0
97447,202408,0
16175,202408,0
37901,202408,0
38435,202408,0
6588,202408,0
6588,202408,0
39394,202408,0
16627,202408,0
90276,202408,0
84050,202408,0
35361,202408,0
43374,202408,0
31008,202408,0
68185,202408,0
55765,202408,0
55850,202408,0
91508,202408,0
17756,202408,0
60170,202408,0
50691,202408,0
15100,202408,0
80188,202408,0
75877,202408,0
55779,202408,0
94141,202408,0
91060,202408,0
31496,202408,0
34508,202408,0
47050,202408,0
35592,202408,0
64754,202408,0
75395,202408,0
33725,202408,0
33799,202408,0
63650,202408,0
45575,202408,0
1247,202408,0
42814,202408,0
1169,202408,0
27653,202408,0
80480,202408,0
48630,202408,0
95571,202408,0
24512,202408,0
95921,202408,0
30125,202408,0
30125,202408,0
4707,202408,0
62405,202408,0
73252,202408,0
12536,202408,0
17261,202408,0
15224,202408,0
31275,202408,0
7908,202408,0
96178,202408,0
98943,202408,0
69823,202408,0
40160,202408,0
83550,202408,0
37987,202408,0
91533,202408,0
73460,202408,0
40788,202408,0
49550,202408,0
9914,202408,0
5573,202408,0
76432,202408,0
46053,202408,0
74391,202408,0
74871,202408,0
55000,202408,0
55000,202408,0
52707,202408,0
57881,202408,0
12228,202408,1
12228,202408,1
25556,202408,0
62281,202408,0
76690,202408,0
76690,202408,0
76690,202408,0
2016,202408,0
18988,202408,0
17621,202408,0
50420,202408,0
87425,202408,0
73014,202408,0
15564,202408,0
86596,202408,0
44276,202408,0
69126,202408,0
38015,202408,0
4066,202408,0
43245,202408,0
88904,202408,0
80385,202408,0
25810,202408,0
95212,202408,0
89629,202408,0
8671,202408,0
14805,202408,0
11681,202408,0
39666,202408,0
55100,202408,0
29900,202408,0
11555,202408,0
11555,202408,0
11555,202408,0
50899,202408,0
2521,202408,0
66048,202408,0
38987,202408,0
41140,202408,0
38312,202408,0
44426,202408,0
19774,202408,0
87191,202408,0
73256,202408,0
4404,202408,0
93627,202408,0
4679,202408,1
92675,202408,0
89616,202408,0
89616,202408,0
79721,202408,0
89079,202408,0
42773,202408,0
89357,202408,0
56809,202408,0
60540,202408,0
34944,202408,0
91727,202408,0
86200,202408,0
53290,202408,0
63887,202408,0
50485,202408,0
83492,202408,0
96732,202408,0
96371,202408,0
76546,202408,0
1088,202408,0
22969,202408,0
91942,202408,0
75533,202408,0
40451,202408,0
19753,202408,0
17390,202408,0
21502,202408,1
56135,202408,0
32695,202408,1
46870,202408,0
40532,202408,0
85552,202408,0
83139,202408,0
50994,202408,0
37202,202408,0
95679,202408,0
99323,202408,0
97729,202408,0
85640,202408,0
78705,202408,0
45686,202408,0
16115,202408,0
4799,202408,0
44508,202408,0
72590,202408,0
98810,202408,0
4047,202408,1
61032,202408,0
81952,202408,0
78962,202408,0
99651,202408,0
80309,202408,0
2084,202408,0
83964,202408,1
43723,202408,0
83640,202408,0
40781,202408,0
61058,202408,0
23928,202408,0
41726,202408,0
96592,202408,0
60364,202408,0
7269,202408,0
70784,202408,0
81163,202408,0
71413,202408,0
33088,202408,0
75437,202408,0
85532,202408,0
60027,202408,0
86438,202408,0
43939,202408,0
36373,202408,0
14908,202408,0
50132,202408,0
5632,202408,0
48807,202408,0
26381,202408,0
75610,202408,0
45408,202408,0
65317,202408,0
99927,202408,0
16367,202408,0
59380,202408,0
68718,202408,0
35366,202408,0
94014,202408,0
30336,202408,0
33734,202408,0
35131,202408,0
80891,202408,0
98383,202408,0
28161,202408,0
17168,202408,0
82207,202408,0
53564,202408,0
72346,202408,0
19818,202408,0
97870,202408,0
70003,202408,0
25665,202408,0
27725,202408,0
72692,202408,0
46350,202408,0
37238,202408,0
39212,202408,1
13071,202408,0
82320,202408,0
347,202408,0
42952,202408,0
54919,202408,0
47635,202408,0
78081,202408,0
31370,202408,0
66511,202408,0
66511,202408,0
66511,202408,0
54066,202408,0
104,202408,0
37526,202408,0
51250,202408,0
84789,202408,0
93446,202408,0
26192,202408,0
90838,202408,0
56876,202408,1
22386,202408,0
23192,202408,1
98090,202408,0
78780,202408,0
4316,202408,0
48716,202408,0
60035,202408,0
83038,202408,0
80440,202408,0
36106,202408,0
36677,202408,0
80849,202408,0
50537,202408,0
76133,202408,0
91470,202408,0
28336,202408,0
99675,202408,0
32486,202408,0
10195,202408,0
369,202408,0
10469,202408,0
99021,202408,0
83791,202408,0
55328,202408,0
63011,202408,0
76068,202408,0
89111,202408,0
15835,202408,0
59164,202408,0
10503,202408,0
92611,202408,0
18437,202408,0
71398,202408,0
55613,202408,0
53746,202408,0
87739,202408,0
23875,202408,0
25807,202408,0
52384,202408,0
21831,202408,0
909,202408,0
36711,202408,0
28722,202408,0
33004,202408,0
5737,202408,0
99664,202408,0
29252,202408,0
14742,202408,0
24384,202408,0
20425,202408,0
26290,202408,0
36942,202408,0
12879,202408,0
77498,202408,0
7397,202408,0
27661,202408,0
93276,202408,0
93005,202408,0
1085,202408,0
56724,202408,0
47379,202408,0
47379,202408,0
43270,202408,0
69566,202408,0
79233,202408,0
31814,202408,0
37462,202408,0
63419,202408,0
34881,202408,0
52647,202408,0
99315,202408,0
92376,202408,0
83590,202408,0
35986,202408,0
31006,202408,0
22720,202408,0
2342,202408,0
79546,202408,0
58019,202408,0
5490,202408,0
69872,202408,0
53472,202408,0
90502,202408,0
87599,202408,0
60787,202408,0
7755,202408,0
51544,202408,0
88200,202408,0
34137,202408,0
45094,202408,0
18214,202408,0
2721,202408,0
35389,202408,0
75461,202408,0
9391,202408,0
9391,202408,0
78761,202408,0
64826,202408,0
13311,202408,0
74159,202408,0
62301,202408,0
73613,202408,0
71949,202408,0
38025,202408,0
81543,202408,0
26236,202408,0
54174,202408,0
19563,202408,0
33577,202408,0
39919,202408,0
61647,202408,0
12366,202408,0
47595,202408,0
70115,202408,0
19278,202408,0
54059,202408,0
97960,202408,0
75,202408,0
63668,202408,0
72585,202408,0
51339,202408,0
88836,202408,0
56222,202408,0
39213,202408,0
96065,202408,0
5212,202408,1
88489,202408,0
5622,202408,0
40544,202408,0
89867,202408,0
70502,202408,0
33449,202408,0
5147,202408,0
22189,202408,0
78661,202408,0
93051,202408,0
89226,202408,0
94657,202408,0
50081,202408,0
51759,202408,0
1119,202408,0
47707,202408,0
9120,202408,0
77132,202408,0
39470,202408,1
24220,202408,1
71419,202408,0
12732,202408,0
51355,202408,0
11225,202408,0
47908,202408,0
23966,202408,0
20165,202408,0
19192,202408,0
12310,202408,0
4821,202408,0
61762,202408,0
59031,202408,0
51410,202408,0
87014,202408,0
24777,202408,0
73851,202408,0
97012,202408,0
56764,202408,0
5850,202408,0
77807,202408,0
64949,202408,0
85297,202408,0
21584,202408,0
76522,202408,0
54440,202408,0
89214,202408,0
69623,202408,0
27650,202408,0
46680,202408,0
58619,202408,0
23660,202408,0
25220,202408,0
9992,202408,0
78520,202408,0
22577,202408,0
13543,202408,0
77893,202408,0
46115,202408,0
53487,202408,0
32197,202408,0
32197,202408,0
72143,202408,0
7707,202408,0
86243,202408,0
60668,202408,0
60580,202408,0
36590,202408,0
4268,202408,0
5287,202408,0
49991,202408,0
78382,202408,0
18952,202408,0
16077,202408,0
62273,202408,0
44886,202408,0
69538,202408,0
16748,202408,0
9639,202408,0
73397,202408,0
72872,202408,0
84944,202408,0
21414,202408,0
21414,202408,0
34717,202408,0
86533,202408,0
27105,202408,0
56868,202408,0
76089,202408,0
70075,202408,0
62310,202408,0
18538,202408,0
55179,202408,0
9233,202408,0
92039,202408,0
40096,202408,0
44978,202408,0
25804,202408,0
3121,202408,0
51463,202408,0
15287,202408,0
54098,202408,0
33428,202408,0
3469,202408,0
72500,202408,0
16679,202408,0
39554,202408,0
66617,202408,0
4407,202408,0
8639,202408,0
82151,202408,0
87772,202408,0
40234,202408,0
10310,202408,0
41213,202408,0
89880,202408,0
83263,202408,0
63389,202408,0
78098,202408,0
52804,202408,0
13901,202408,0
21549,202408,0
60804,202408,0
13078,202408,0
84033,202408,0
80328,202408,0
80328,202408,0
91952,202408,0
2019,202408,0
2965,202408,0
75167,202408,0
67772,202408,0
41757,202408,0
23927,202408,0
17572,202408,0
69266,202408,0
25571,202408,0
25571,202408,0
25470,202408,0
39445,202408,0
58555,202408,0
67783,202408,0
75866,202408,0
8611,202408,0
36182,202408,0
44859,202408,0
23911,202408,0
73713,202408,1
54545,202408,0
25380,202408,0
57289,202408,1
1310,202408,0
42475,202408,0
42475,202408,0
99545,202408,0
12191,202408,0
60607,202408,0
9577,202408,0
70640,202408,0
8527,202408,0
77509,202408,0
99677,202408,0
93396,202408,0
87531,202408,0
32834,202408,0
45375,202408,0
38489,202408,0
72621,202408,0
23971,202408,0
92543,202408,0
56983,202408,0
89701,202408,0
39983,202408,0
26633,202408,1
41842,202408,0
98921,202408,0
59703,202408,0
87698,202408,0
22990,202408,0
32136,202408,0
40777,202408,0
22305,202408,0
50922,202408,0
37793,202408,0
75180,202408,0
6899,202408,0
24355,202408,0
94565,202408,0
77207,202408,1
6949,202408,0
88373,202408,0
50974,202408,0
83867,202408,0
33392,202408,0
67738,202408,1
65949,202408,0
87500,202408,0
78585,202408,0
48890,202408,0
62022,202408,0
31367,202408,0
58046,202408,0
50625,202408,0
50625,202408,0
50625,202408,0
66669,202408,0
19750,202408,0
39702,202408,0
13625,202408,0
25686,202408,0
77521,202408,0
32849,202408,0
59572,202408,0
19127,202408,0
4325,202408,0
27998,202408,0
74555,202408,0
38744,202408,0
76167,202408,0
91894,202408,0
91894,202408,0
30452,202408,0
32323,202408,0
85310,202408,0
5780,202408,0
40250,202408,0
80609,202408,0
76817,202408,0
22439,202408,0
78300,202408,0
925,202408,0
87112,202408,0
52821,202408,0
95697,202408,0
40587,202408,0
55585,202408,0
35831,202408,0
74155,202408,0
91524,202408,0
86796,202408,0
51716,202408,0
90554,202408,0
98254,202408,0
98254,202408,0
99262,202408,0
25782,202408,0
87664,202408,0
62829,202408,0
75078,202408,0
96908,202408,0
13463,202408,0
71933,202408,0
66505,202408,0
54238,202408,0
92844,202408,0
21992,202408,0
39903,202408,0
2064,202408,0
7106,202408,0
23444,202408,0
84808,202408,0
69475,202408,0
4692,202408,0
88737,202408,0
43022,202408,0
90829,202408,0
30472,202408,0
53289,202408,0
48219,202408,0
94353,202408,0
37203,202408,0
65752,202408,0
65472,202408,0
23460,202408,0
23460,202408,0
3192,202408,0
89394,202408,0
4816,202408,0
51908,202408,0
31742,202408,0
45649,202408,0
40968,202408,0
60003,202408,0
11219,202408,0
32079,202408,0
19144,202408,0
26033,202408,0
94092,202408,0
41598,202408,0
11943,202408,0
59850,202408,0
10876,202408,1
92296,202408,0
44466,202408,0
39616,202408,0
468,202408,0
35591,202408,0
35591,202408,0
42347,202408,0
8193,202408,0
26134,202408,0
46361,202408,0
29502,202408,0
58760,202408,0
20634,202408,0
24842,202408,0
86839,202408,0
37936,202408,0
66896,202408,0
59895,202408,0
6123,202408,0
52523,202408,0
49972,202408,0
66458,202408,0
15017,202408,0
82003,202408,0
15951,202408,0
65175,202408,0
65175,202408,0
15747,202408,0
64670,202408,0
1850,202408,0
59994,202408,0
38914,202408,0
48889,202408,0
39343,202408,0
5574,202408,0
35966,202408,0
58180,202408,0
35295,202408,0
56233,202408,0
76830,202408,0
98284,202408,0
61331,202408,0
61331,202408,0
66629,202408,0
55094,202408,0
26792,202408,0
34614,202408,0
98746,202408,0
23233,202408,0
59346,202408,0
8361,202408,0
78444,202408,0
17023,202408,0
62049,202408,0
45633,202408,0
81365,202408,0
4898,202408,1
30227,202408,0
15783,202408,0
15783,202408,0
27641,202408,0
64583,202408,0
85805,202408,0
28552,202408,0
30450,202408,0
7682,202408,0
93479,202408,0
15299,202408,0
6300,202408,0
22375,202408,0
33936,202408,0
30268,202408,0
64207,202408,0
21287,202408,0
795,202408,0
31722,202408,0
91776,202408,0
48,202408,0
28727,202408,0
2979,202408,0
75781,202408,0
68315,202408,0
68315,202408,0
71019,202408,0
79113,202408,0
29344,202408,0
56732,202408,0
77720,202408,0
69955,202408,0
11824,202408,0
28729,202408,0
59632,202408,0
94384,202408,0
24639,202408,0
8215,202408,0
46319,202408,0
69055,202408,0
54264,202408,0
85234,202408,0
94007,202408,0
66972,202408,0
23483,202408,0
98600,202408,0
24059,202408,0
29618,202408,0
99663,202408,0
44344,202408,0
45229,202408,0
25046,202408,0
10186,202408,0
53006,202408,0
60679,202408,0
69560,202408,0
67538,202408,0
15112,202408,0
23278,202408,0
90850,202408,0
78064,202408,0
24464,202408,0
628,202408,0
70265,202408,0
9108,202408,0
18344,202408,0
35113,202408,0
1393,202408,0
77302,202408,0
69726,202408,0
34268,202408,0
71089,202408,0
16327,202408,0
76338,202408,0
45238,202408,0
9591,202408,0
52405,202408,0
75203,202408,0
71820,202408,0
10008,202408,0
1889,202408,0
42888,202408,0
20185,202408,0
73978,202408,0
18066,202408,0
33890,202408,0
89156,202408,0
98508,202408,0
32026,202408,0
49639,202408,0
24710,202408,0
54979,202408,0
71243,202408,0
66703,202408,0
17166,202408,0
37886,202408,0
47904,202408,0
47904,202408,0
19716,202408,0
94209,202408,0
58272,202408,0
54327,202408,0
30715,202408,0
21896,202408,0
21896,202408,0
66949,202408,0
3354,202408,0
6606,202408,0
76791,202408,0
58809,202408,0
78068,202408,0
83486,202408,0
29552,202408,0
90338,202408,0
21186,202408,0
79841,202408,0
53877,202408,0
90087,202408,0
92225,202408,0
29510,202408,0
9093,202408,0
72026,202408,0
25886,202408,0
31927,202408,1
82789,202408,0
43229,202408,0
73645,202408,0
71709,202408,0
71709,202408,0
73845,202408,0
56580,202408,0
53879,202408,0
26473,202408,0
33396,202408,0
69020,202408,0
72353,202408,1
27689,202408,0
67177,202408,0
87677,202408,0
96224,202408,0
87862,202408,0
3080,202408,0
64650,202408,0
259,202408,0
95239,202408,0
64655,202408,0
21188,202408,0
37775,202408,0
30118,202408,0
87085,202408,0
66694,202408,0
81210,202408,0
34971,202408,0
91466,202408,0
65643,202408,0
68710,202408,0
15313,202408,0
90575,202408,0
55734,202408,0
88598,202408,0
8493,202408,0
11003,202408,1
251,202408,0
88059,202408,0
58498,202408,0
99743,202408,0
32355,202408,0
97651,202408,0
56438,202408,0
81664,202408,0
25255,202408,0
96067,202408,0
33901,202408,0
83021,202408,0
35997,202408,0
70072,202408,0
89644,202408,0
91335,202408,0
92077,202408,0
92807,202408,0
60204,202408,0
66253,202408,0
3249,202408,0
58331,202408,0
94228,202408,0
86089,202408,0
62837,202408,0
99626,202408,0
54344,202408,0
48065,202408,0
62264,202408,0
26554,202408,0
30339,202408,0
5504,202408,0
62420,202408,0
50843,202408,0
30120,202408,0
22623,202408,0
89820,202408,0
77152,202408,0
77152,202408,0
52962,202408,0
14804,202408,0
43302,202408,0
71537,202408,0
68472,202408,0
87582,202408,0
59337,202408,0
71676,202408,0
70221,202408,0
15713,202408,0
43220,202408,0
83148,202408,0
97991,202408,0
76782,202408,0
51883,202408,0
89823,202408,0
19227,202408,0
81852,202408,0
94954,202408,0
57823,202408,0
74263,202408,0
98111,202408,0
7693,202408,0
54664,202408,0
76958,202408,0
41532,202408,0
37792,202408,0
58743,202408,0
56878,202408,0
30520,202408,0
78070,202408,0
79224,202408,0
66692,202408,0
29340,202408,0
27094,202408,0
51325,202408,0
33323,202408,0
60816,202408,0
14392,202408,0
65567,202408,0
91574,202408,0
64747,202408,0
3133,202408,0
33785,202408,0
62333,202408,0
23426,202408,0
6797,202408,0
40697,202408,0
55753,202408,0
41242,202408,0
57011,202408,0
72569,202408,0
39743,202408,0
75790,202408,0
12458,202408,0
15791,202408,0
9102,202408,0
74979,202408,0
12631,202408,0
16573,202408,0
17027,202408,0
78302,202408,0
78302,202408,0
78302,202408,0
62567,202408,0
20527,202408,0
21110,202408,0
91211,202408,0
5921,202408,0
29062,202408,0
27976,202408,0
51384,202408,0
51384,202408,0
28935,202408,0
80066,202408,0
93820,202408,0
91918,202408,0
66378,202408,0
77051,202408,0
89259,202408,0
74869,202408,0
39456,202408,0
11275,202408,0
23089,202408,1
59981,202408,0
88143,202408,0
443,202408,0
87078,202408,0
51329,202408,0
57637,202408,0
39237,202408,0
25086,202408,0
25086,202408,0
81626,202408,0
15919,202408,0
29639,202408,0
36314,202408,0
31791,202408,0
27137,202408,1
4930,202408,0
87387,202408,0
46460,202408,0
65489,202408,0
21611,202408,0
7285,202408,0
22702,202408,0
22702,202408,0
14980,202408,0
50689,202408,0
50689,202408,0
50689,202408,0
50689,202408,0
68939,202408,0
40159,202408,0
59973,202408,0
46739,202408,0
94801,202408,0
67320,202408,0
42541,202408,0
44872,202408,0
17159,202408,0
12087,202408,0
43421,202408,0
25236,202408,0
78420,202408,0
45807,202408,0
78095,202408,0
59206,202408,0
16424,202408,0
73653,202408,0
23833,202408,0
98047,202408,0
85247,202408,0
19111,202408,0
27014,202408,0
86956,202408,0
20474,202408,0
20474,202408,0
16830,202408,0
79422,202408,0
20866,202408,0
40664,202408,0
22651,202408,0
10228,202408,0
79375,202408,0
14858,202408,0
37650,202408,0
93023,202408,0
98433,202408,0
47431,202408,0
56272,202408,0
63024,202408,0
9560,202408,0
9560,202408,0
45456,202408,0
74900,202408,0
2449,202408,0
57166,202408,0
18077,202408,0
58239,202408,0
88319,202408,0
99095,202408,0
71795,202408,0
45944,202408,0
88733,202408,0
55796,202408,0
61022,202408,0
52497,202408,0
96173,202408,0
17912,202408,0
49103,202408,0
15106,202408,0
63703,202408,0
99149,202408,0
49158,202408,0
1718,202408,0
84358,202408,0
49531,202408,0
33817,202408,0
26032,202408,0
38096,202408,0
45560,202408,0
16413,202408,0
57595,202408,0
57047,202408,0
36221,202408,0
20230,202408,0
88417,202408,0
77978,202408,0
38982,202408,0
28624,202408,0
23696,202408,0
30251,202408,0
8884,202408,0
6076,202408,0
64398,202408,0
76353,202408,0
57492,202408,0
63090,202408,0
63090,202408,0
27882,202408,0
41482,202408,0
66641,202408,0
22112,202408,0
29227,202408,1
45596,202408,0
87283,202408,0
302,202408,0
34545,202408,0
43659,202408,0
46196,202408,0
26542,202408,0
82525,202408,0
58075,202408,0
45210,202408,0
85466,202408,0
58279,202408,0
30274,202408,0
57581,202408,0
66639,202408,0
37845,202408,0
84753,202408,0
98713,202408,0
26621,202408,0
27360,202408,0
28562,202408,0
77801,202408,0
83392,202408,0
41413,202408,0
80187,202408,0
22037,202408,0
33376,202408,0
20133,202408,0
65775,202408,0
66665,202408,0
54641,202408,0
35426,202408,0
95413,202408,0
58625,202408,0
4958,202408,0
80577,202408,0
19890,202408,0
81476,202408,0
23793,202408,0
38556,202408,0
1463,202408,0
76216,202408,0
21429,202408,0
8921,202408,0
69561,202408,0
5128,202408,0
24491,202408,0
68413,202408,0
67691,202408,0
50139,202408,0
74670,202408,0
20154,202408,0
42703,202408,0
63837,202408,0
59141,202408,0
7337,202408,0
44436,202408,0
56973,202408,0
79192,202408,0
67683,202408,0
624,202408,0
36023,202408,0
93400,202408,0
64549,202408,0
28963,202408,0
53008,202408,0
39602,202408,0
2750,202408,0
21901,202408,0
59166,202408,0
81087,202408,0
92650,202408,0
80752,202408,0
9147,202408,0
36489,202408,0
97992,202408,0
4771,202408,0
69492,202408,0
69492,202408,0
29689,202408,0
15484,202408,0
22284,202408,0
70519,202408,0
66041,202408,0
24075,202408,0
92080,202408,0
57019,202408,0
22092,202408,0
50726,202408,0
76228,202408,0
93671,202408,0
85711,202408,0
29433,202408,0
28908,202408,0
41888,202408,0
79261,202408,0
1606,202408,0
90086,202408,0
81323,202408,0
82887,202408,0
73681,202408,0
42420,202408,0
80459,202408,0
42159,202408,0
34414,202408,0
34414,202408,0
25187,202408,0
37555,202408,0
86266,202408,0
63620,202408,0
27220,202408,0
27809,202408,0
62574,202408,0
25139,202408,0
64258,202408,0
92469,202408,0
35578,202408,0
10624,202408,0
68448,202408,0
72605,202408,0
21358,202408,0
88501,202408,0
45885,202408,0
67977,202408,0
81790,202408,0
73307,202408,0
75853,202408,0
10332,202408,0
1778,202408,0
87488,202408,0
99108,202408,0
21393,202408,0
63964,202408,0
85282,202408,0
87984,202408,0
8258,202408,0
3324,202408,0
66491,202408,0
71988,202408,0
95833,202408,0
38491,202408,0
76359,202408,0
27615,202408,0
77100,202408,1
81989,202408,0
95983,202408,0
82497,202408,0
41828,202408,0
98484,202408,0
68295,202408,0
68295,202408,0
60891,202408,0
72301,202408,0
37504,202408,0
938,202408,0
10542,202408,0
58418,202408,0
78000,202408,0
83407,202408,0
36797,202408,0
9854,202408,0
95363,202408,0
59478,202408,0
61224,202408,0
64448,202408,0
18883,202408,0
50276,202408,0
45533,202408,0
21586,202408,1
38960,202408,0
12619,202408,0
38575,202408,0
40783,202408,0
60537,202408,0
22803,202408,0
82458,202408,0
15712,202408,0
84748,202408,0
52796,202408,0
68351,202408,0
97994,202408,0
83536,202408,0
22223,202408,1
40940,202408,0
69936,202408,0
21805,202408,0
84323,202408,0
73250,202408,0
55975,202408,0
89639,202408,0
26241,202408,0
34841,202408,0
71225,202408,0
51377,202408,0
37355,202408,0
78239,202408,0
10834,202408,1
99933,202408,0
81659,202408,0
11341,202408,0
45628,202408,0
47931,202408,0
86730,202408,0
61137,202408,0
23148,202408,0
14648,202408,0
41299,202408,0
90095,202408,0
41029,202408,0
73387,202408,0
44001,202408,0
72160,202408,0
90564,202408,0
47864,202408,0
9679,202408,0
7605,202408,0
80168,202408,0
13380,202408,0
85048,202408,0
58789,202408,0
96802,202408,0
98229,202408,0
2437,202408,0
87534,202408,0
73458,202408,0
42543,202408,0
27109,202408,0
27109,202408,0
72921,202408,0
91007,202408,0
91007,202408,0
84244,202408,0
93487,202408,0
75771,202408,0
20737,202408,0
82392,202408,0
70599,202408,0
8320,202408,0
20153,202408,0
10704,202408,0
50509,202408,0
7469,202408,0
90022,202408,0
3054,202408,0
74932,202408,0
17105,202408,0
48509,202408,0
47953,202408,0
48218,202408,0
91667,202408,0
17401,202408,0
33313,202408,0
33313,202408,0
33313,202408,0
82178,202408,0
61972,202408,0
93192,202408,0
24249,202408,0
62642,202408,0
12402,202408,1
30034,202408,0
55770,202408,0
25053,202408,0
25053,202408,0
81479,202408,0
81503,202408,0
29432,202408,0
2403,202408,0
79130,202408,0
51079,202408,0
22522,202408,0
96503,202408,0
28066,202408,0
25941,202408,0
98993,202408,1
15879,202408,0
92689,202408,0
90124,202408,0
44722,202408,0
55976,202408,0
38232,202408,0
11482,202408,0
60760,202408,0
65182,202408,0
50226,202408,0
27918,202408,0
99936,202408,0
70438,202408,0
21219,202408,0
81492,202408,0
15241,202408,0
24729,202408,0
47037,202408,0
37467,202408,0
8266,202408,0
51720,202408,0
69939,202408,0
44353,202408,0
97154,202408,0
46308,202408,0
21088,202408,0
75020,202408,0
4793,202408,0
64356,202408,0
52622,202408,0
72002,202408,0
99802,202408,0
19629,202408,0
20844,202408,0
20291,202408,1
54949,202408,0
92092,202408,0
26003,202408,0
9411,202408,1
30741,202408,0
31015,202408,0
16491,202408,0
5981,202408,0
80855,202408,1
66750,202408,0
69130,202408,0
24791,202408,0
24791,202408,0
32725,202408,0
20272,202408,0
42573,202408,0
18551,202408,0
39110,202408,0
24513,202408,0
75772,202408,0
4904,202408,0
81320,202408,0
58441,202408,0
75547,202408,0
16802,202408,0
77458,202408,0
70034,202408,0
58582,202408,0
12690,202408,0
37241,202408,0
79853,202408,0
79853,202408,0
42052,202408,0
83321,202408,0
66866,202408,0
35770,202408,0
61196,202408,0
368,202408,0
10900,202408,0
79373,202408,0
51141,202408,0
86788,202408,0
17265,202408,0
92224,202408,0
90869,202408,1
68631,202408,0
68631,202408,0
64046,202408,0
81878,202408,0
91220,202408,0
21630,202408,0
92565,202408,0
30764,202408,0
84706,202408,0
98783,202408,0
96481,202408,0
91866,202408,0
18111,202408,0
9686,202408,0
14001,202408,0
48732,202408,0
11667,202408,0
42640,202408,0
38643,202408,0
27406,202408,0
95780,202408,0
62549,202408,0
15726,202408,0
46735,202408,0
31841,202408,0
36676,202408,0
87051,202408,0
13744,202408,0
57154,202408,0
60384,202408,0
50017,202408,0
6052,202408,0
69569,202408,0
96387,202408,0
54425,202408,0
51956,202408,0
51956,202408,0
81978,202408,0
56029,202408,0
9561,202408,0
64232,202408,0
86018,202408,0
33814,202408,0
92717,202408,0
49871,202408,0
60255,202408,1
44785,202408,0
9680,202408,0
24801,202408,0
86607,202408,0
2570,202408,0
61251,202408,0
47844,202408,0
13598,202408,0
88787,202408,0
25094,202408,0
24669,202408,0
44685,202408,0
70088,202408,0
57023,202408,0
38070,202408,0
78562,202408,0
88897,202408,0
62961,202408,0
43695,202408,0
47382,202408,0
60460,202408,0
75485,202408,0
10824,202408,0
46913,202408,0
36842,202408,0
30897,202408,0
27504,202408,0
61699,202408,0
6021,202408,0
87970,202408,0
73515,202408,0
56833,202408,0
88121,202408,0
29273,202408,0
16043,202408,0
7257,202408,0
35056,202408,0
55288,202408,0
93103,202408,0
31917,202408,0
96781,202408,0
79248,202408,0
15984,202408,0
61685,202408,0
74886,202408,0
57969,202408,0
93482,202408,0
87684,202408,0
59178,202408,0
7450,202408,0
7450,202408,0
62581,202408,0
5534,202408,0
23049,202408,0
11631,202408,0
52783,202408,0
31112,202408,0
6772,202408,0
35769,202408,0
42983,202408,0
54459,202408,0
64480,202408,0
90420,202408,0
90753,202408,0
22352,202408,0
16255,202408,0
27153,202408,0
95746,202408,0
66925,202408,0
10548,202408,0
58944,202408,0
58944,202408,0
77636,202408,0
76514,202408,0
73406,202408,0
81722,202408,0
9463,202408,0
70317,202408,0
70317,202408,0
71466,202408,0
6850,202408,0
6122,202408,0
95751,202408,0
79505,202408,0
61619,202408,0
70203,202408,0
53738,202408,0
59551,202408,0
47527,202408,0
66371,202408,0
90989,202408,0
78862,202408,1
28320,202408,0
12707,202408,0
63758,202408,0
20164,202408,0
4255,202408,0
62669,202408,0
89377,202408,0
32799,202408,0
97001,202408,0
95588,202408,0
82663,202408,0
44362,202408,0
7175,202408,0
66007,202408,0
22101,202408,0
84553,202408,0
82232,202408,0
40000,202408,0
62793,202408,0
47459,202408,0
22195,202408,0
39240,202408,0
10485,202408,0
125,202408,0
84745,202408,0
2378,202408,0
72877,202408,0
25329,202408,0
43958,202408,0
24972,202408,0
75667,202408,0
27039,202408,0
23879,202408,0
33628,202408,0
62437,202408,0
49466,202408,0
15135,202408,0
21262,202408,0
74512,202408,0
48670,202408,0
1651,202408,0
72349,202408,0
10567,202408,0
87369,202408,0
86124,202408,0
65827,202408,0
71446,202408,0
24925,202408,0
8113,202408,0
77646,202408,0
21697,202408,0
61125,202408,0
10579,202408,0
9281,202408,1
43708,202408,0
29200,202408,0
71261,202408,0
32729,202408,0
51246,202408,0
90612,202408,0
20749,202408,0
17274,202408,0
94285,202408,0
53676,202408,0
88347,202408,0
17707,202408,0
75715,202408,0
40979,202408,0
66106,202408,0
26753,202408,0
60164,202408,0
37294,202408,0
51294,202408,0
16810,202408,0
74624,202408,0
78887,202408,0
78887,202408,0
52930,202408,0
17191,202408,0
8777,202408,0
59718,202408,0
66722,202408,0
57560,202408,0
16282,202408,0
5517,202408,0
18745,202408,0
23544,202408,0
3624,202408,1
22874,202408,0
73895,202408,0
9782,202408,0
84423,202408,0
67111,202408,0
55260,202408,0
8954,202408,0
6970,202408,0
501,202408,0
9040,202408,0
82539,202408,0
42567,202408,0
71648,202408,0
77073,202408,0
44694,202408,0
64842,202408,0
83901,202408,0
55920,202408,0
33867,202408,0
73638,202408,0
80895,202408,0
67563,202408,0
77442,202408,0
43629,202408,0
39638,202408,0
29494,202408,0
27017,202408,0
80757,202408,0
83541,202408,0
54427,202408,0
80646,202408,0
40615,202408,0
56008,202408,0
4365,202408,0
58730,202408,0
78658,202408,0
74683,202408,0
36638,202408,0
23234,202408,0
20051,202408,0
50065,202408,0
49551,202408,0
64255,202408,0
90002,202408,0
90002,202408,0
16779,202408,0
9688,202408,0
29203,202408,0
96932,202408,0
13179,202408,0
7726,202408,0
7726,202408,0
7726,202408,0
91382,202408,0
30180,202408,1
31391,202408,0
85082,202408,0
78594,202408,0
89535,202408,0
77064,202408,0
57292,202408,0
23561,202408,0
87945,202408,0
67810,202408,0
54078,202408,0
73089,202408,0
79947,202408,0
96170,202408,0
35198,202408,0
63175,202408,0
8323,202408,0
29125,202408,0
96010,202408,0
45397,202408,0
37484,202408,0
87848,202408,0
25319,202408,0
58788,202408,0
91371,202408,0
18089,202408,0
87795,202408,0
91791,202408,0
74129,202408,0
95029,202408,0
60984,202408,0
81457,202408,0
45471,202408,0
43337,202408,0
4104,202408,0
95207,202408,0
1859,202408,0
55055,202408,0
91593,202408,0
3308,202408,0
32385,202408,0
78639,202408,0
25532,202408,1
31119,202408,0
28381,202408,0
13642,202408,0
77162,202408,0
45593,202408,0
71598,202408,0
82791,202408,0
12054,202408,0
61511,202408,0
61223,202408,0
94840,202408,0
15342,202408,0
65436,202408,0
26671,202408,0
54403,202408,0
25103,202408,0
57032,202408,0
61508,202408,0
21517,202408,0
81306,202408,0
38198,202408,0
5605,202408,0
18375,202408,0
17979,202408,0
99799,202408,0
40275,202408,0
83314,202408,0
80968,202408,0
55751,202408,0
86545,202408,0
96283,202408,0
12021,202408,0
49403,202408,0
89485,202408,0
47537,202408,0
29562,202408,0
70129,202408,0
37359,202408,0
37427,202408,0
78766,202408,0
1252,202408,0
35274,202408,0
51816,202408,0
55015,202408,0
49879,202408,0
2327,202408,0
64358,202408,0
24503,202408,0
28352,202408,0
86807,202408,0
57432,202408,0
7537,202408,0
34584,202408,0
68397,202408,0
68397,202408,0
58064,202408,0
21477,202408,0
2310,202408,0
94582,202408,0
85816,202408,0
67444,202408,0
16211,202408,0
24317,202408,0
19973,202408,0
8090,202408,0
9212,202408,0
50882,202408,0
85802,202408,0
39477,202408,0
39925,202408,0
39925,202408,0
39925,202408,0
90155,202408,0
43319,202408,0
8450,202408,0
91540,202408,0
531,202408,0
44432,202408,0
54446,202408,0
26017,202408,0
99783,202408,0
59138,202408,0
87302,202408,0
57423,202408,0
94545,202408,0
17786,202408,0
87135,202408,0
10435,202408,0
91112,202408,0
15105,202408,0
46408,202408,0
71011,202408,0
39851,202408,0
743,202408,0
74948,202408,0
38608,202408,0
11075,202408,1
83017,202408,0
74054,202408,0
81699,202408,0
6448,202408,0
67835,202408,0
13976,202408,0
4507,202408,0
80410,202408,0
19758,202408,0
79613,202408,0
52356,202408,0
72697,202408,0
12491,202408,0
80174,202408,0
60586,202408,0
46294,202408,0
8265,202408,0
85563,202408,0
65729,202408,0
25843,202408,0
32597,202408,0
15619,202408,0
40867,202408,0
46755,202408,0
30785,202408,0
82508,202408,0
13128,202408,0
80060,202408,0
74320,202408,0
27322,202408,0
62627,202408,0
10062,202408,0
52185,202408,0
9058,202408,0
71809,202408,0
80411,202408,0
1381,202408,0
91020,202408,0
32646,202408,0
91720,202408,0
8308,202408,0
82187,202408,0
11671,202408,0
8662,202408,0
26369,202408,0
23386,202408,0
29872,202408,0
60939,202408,0
96925,202408,0
75941,202408,0
89767,202408,0
52466,202408,0
3383,202408,0
73468,202408,0
12709,202408,0
4473,202408,0
34230,202408,0
15177,202408,0
72177,202408,0
1867,202408,0
83799,202408,0
85759,202408,0
30110,202408,0
73839,202408,0
59868,202408,0
91070,202408,0
81578,202408,0
90446,202408,0
74694,202408,0
45568,202408,0
18349,202408,0
26157,202408,1
66943,202408,0
7473,202408,0
61024,202408,0
88943,202408,0
25871,202408,0
96417,202408,0
77485,202408,0
68943,202408,0
76495,202408,0
79620,202408,0
84552,202408,0
83037,202408,0
43489,202408,0
51891,202408,0
94461,202408,0
54438,202408,0
35862,202408,0
50028,202408,0
9765,202408,0
66527,202408,0
21542,202408,0
63528,202408,0
46459,202408,0
27796,202408,0
74746,202408,0
98008,202408,0
80599,202408,0
38145,202408,0
54759,202408,0
33858,202408,0
62595,202408,0
22032,202408,0
27609,202408,0
46814,202408,0
64249,202408,0
65738,202408,0
20750,202408,0
26884,202408,0
59225,202408,0
50733,202408,0
24970,202408,0
24970,202408,0
88624,202408,0
97316,202408,0
61975,202408,0
67965,202408,0
35717,202408,0
48426,202408,0
20715,202408,0
48076,202408,0
60923,202408,0
11965,202408,0
61488,202408,0
9530,202408,0
86963,202408,0
87763,202408,0
7624,202408,0
27947,202408,0
95555,202408,0
70307,202408,0
3419,202408,0
86190,202408,0
89402,202408,0
36565,202408,0
69670,202408,0
5808,202408,0
41506,202408,0
89765,202408,0
29417,202408,0
93617,202408,0
77094,202408,0
49647,202408,0
46111,202408,0
15616,202408,0
28852,202408,0
84738,202408,0
96381,202408,0
64299,202408,0
64299,202408,0
64299,202408,0
50817,202408,0
54871,202408,1
43126,202408,0
19165,202408,0
17550,202408,0
28620,202408,0
55431,202408,0
55431,202408,0
55431,202408,0
20913,202408,0
35575,202408,0
62199,202408,0
31913,202408,0
84894,202408,0
28949,202408,0
83142,202408,0
37126,202408,0
52325,202408,0
41733,202408,0
68938,202408,0
15846,202408,0
73649,202408,0
19345,202408,0
81291,202408,0
29323,202408,0
29185,202408,0
28631,202408,0
24019,202408,0
37330,202408,0
30684,202408,0
67311,202408,0
20682,202408,0
50921,202408,0
80538,202408,0
21658,202408,0
23418,202408,0
13730,202408,0
9242,202408,0
76643,202408,0
69835,202408,0
59430,202408,0
14028,202408,0
75880,202408,0
9019,202408,0
89548,202408,0
15365,202408,0
64454,202408,0
40773,202408,0
48693,202408,0
18689,202408,0
8635,202408,0
32860,202408,0
517,202408,0
1881,202408,0
56126,202408,0
32020,202408,0
42402,202408,0
3622,202408,0
51693,202408,0
43807,202408,0
22752,202408,1
73047,202408,0
59681,202408,0
53703,202408,0
54721,202408,0
2280,202408,0
99751,202408,0
19228,202408,0
66907,202408,0
48114,202408,0
83674,202408,0
25012,202408,0
21323,202408,0
61464,202408,1
61869,202408,0
26765,202408,0
47209,202408,0
47209,202408,0
99106,202408,0
99106,202408,0
99106,202408,0
3873,202408,0
99226,202408,0
65982,202408,0
30809,202408,0
67379,202408,0
59142,202408,0
88872,202408,0
32705,202408,0
63315,202408,0
1109,202408,0
48409,202408,0
90947,202408,0
51402,202408,0
99700,202408,0
98234,202408,0
66603,202408,0
66815,202408,0
72887,202408,0
63459,202408,0
83270,202408,0
15038,202408,0
80896,202408,0
85078,202408,0
60317,202408,0
2300,202408,0
9604,202408,0
62223,202408,0
13935,202408,0
58572,202408,0
77326,202408,0
99524,202408,0
19214,202408,0
6182,202408,0
71190,202408,1
95863,202408,0
6028,202408,0
85173,202408,0
85173,202408,0
99897,202408,0
46979,202408,0
1509,202408,0
85116,202408,0
14823,202408,0
56500,202408,0
50193,202408,0
31947,202408,0
54923,202408,0
23334,202408,0
58520,202408,0
35689,202408,0
51284,202408,0
16734,202408,0
91893,202408,0
14205,202408,0
97262,202408,0
5557,202408,0
25215,202408,0
12318,202408,0
73528,202408,0
73528,202408,0
96223,202408,0
11165,202408,0
55609,202408,0
35017,202408,0
19891,202408,0
3317,202408,0
195,202408,0
37861,202408,0
51196,202408,0
12296,202408,0
63664,202408,0
17485,202408,0
16881,202408,0
7507,202408,0
40794,202408,0
54893,202408,0
44607,202408,0
62852,202408,0
91983,202408,0
21785,202408,0
57323,202408,0
38393,202408,0
46777,202408,0
67026,202408,0
37461,202408,0
77982,202408,0
41883,202408,0
81180,202408,0
74209,202408,0
43833,202408,0
83401,202408,0
60347,202408,0
62334,202408,0
33358,202408,0
5346,202408,0
5346,202408,0
80221,202408,0
5577,202408,0
12661,202408,0
6879,202408,0
20454,202408,0
45675,202408,0
79184,202408,0
54845,202408,0
58920,202408,0
34077,202408,0
66658,202408,0
96322,202408,0
99292,202408,0
14188,202408,0
87077,202408,0
80938,202408,0
86601,202408,0
60217,202408,0
86895,202408,0
93794,202408,0
857,202408,0
857,202408,0
33682,202408,0
48615,202408,0
4171,202408,0
22631,202408,0
5533,202408,0
73705,202408,0
73705,202408,0
54330,202408,0
78906,202408,0
51237,202408,0
75879,202408,0
1058,202408,0
74987,202408,0
44873,202408,0
77677,202408,0
45759,202408,0
1288,202408,0
34380,202408,0
77244,202408,0
49436,202408,0
82403,202408,0
79590,202408,0
28440,202408,0
3459,202408,0
21069,202408,0
21069,202408,0
6855,202408,0
25938,202408,0
15334,202408,0
75969,202408,0
77381,202408,0
85973,202408,0
84750,202408,0
56708,202408,0
12107,202408,0
64837,202408,0
79679,202408,0
97995,202408,0
1017,202408,0
27263,202408,0
97211,202408,0
41830,202408,0
47143,202408,0
39264,202408,0
25439,202408,0
14459,202408,0
90558,202408,0
78944,202408,0
98889,202408,0
67046,202408,0
67046,202408,0
68746,202408,0
91911,202408,0
96963,202408,0
79868,202408,0
36470,202408,0
22674,202408,0
29726,202408,0
13413,202408,0
41812,202408,0
69330,202408,0
71940,202408,0
66592,202408,0
15666,202408,0
53214,202408,0
43604,202408,0
21095,202408,0
78929,202408,0
45745,202408,0
80900,202408,0
14329,202408,0
30203,202408,0
25472,202408,0
2230,202408,0
42255,202408,0
38137,202408,0
7981,202408,0
7852,202408,0
81016,202408,0
44003,202408,0
14601,202408,0
787,202408,0
30827,202408,0
52587,202408,0
88165,202408,0
8124,202408,0
91544,202408,0
17018,202408,0
31222,202408,0
83625,202408,0
84921,202408,0
91363,202408,0
51473,202408,0
52107,202408,0
41212,202408,0
57713,202408,0
68011,202408,0
46582,202408,0
69263,202408,0
50792,202408,0
6657,202408,0
66631,202408,0
99501,202408,0
94009,202408,0
61703,202408,0
41137,202408,0
92513,202408,0
14672,202408,0
90917,202408,0
35744,202408,0
78559,202408,0
27594,202408,0
42356,202408,0
64086,202408,0
5890,202408,0
80142,202408,0
29123,202408,0
83068,202408,0
69602,202408,0
94632,202408,0
26372,202408,0
13082,202408,0
91093,202408,0
1737,202408,0
52225,202408,0
97783,202408,0
53689,202408,0
75711,202408,0
65973,202408,0
79989,202408,0
2823,202408,0
92403,202408,0
39062,202408,0
26719,202408,0
34426,202408,0
67458,202408,0
19810,202408,0
59487,202408,0
41092,202408,0
31694,202408,0
17234,202408,0
84888,202408,0
40111,202408,0
40111,202408,0
40923,202408,0
66107,202408,1
1821,202408,0
70761,202408,0
70761,202408,0
81969,202408,0
59736,202408,0
42653,202408,0
42653,202408,0
39539,202408,0
64901,202408,0
20487,202408,0
651,202408,0
58106,202408,0
66471,202408,0
51399,202408,0
33397,202408,0
60843,202408,0
46125,202408,1
54928,202408,0
35476,202408,0
32606,202408,0
47300,202408,0
83310,202408,0
86474,202408,0
79411,202408,0
62257,202408,0
73081,202408,0
78836,202408,0
4095,202408,0
28816,202408,0
74898,202408,0
853,202408,0
39356,202408,0
915,202408,0
7008,202408,1
8731,202408,0
94188,202408,0
41378,202408,0
4915,202408,0
33078,202408,0
16111,202408,0
16023,202408,0
31441,202408,0
3008,202408,0
26559,202408,0
51077,202408,0
97580,202408,0
45383,202408,0
32756,202408,0
32851,202408,0
38607,202408,0
59624,202408,0
26396,202408,0
96460,202408,0
12544,202408,0
90407,202408,0
45398,202408,0
95893,202408,0
33175,202408,0
38383,202408,0
84084,202408,0
33705,202408,0
73723,202408,0
73723,202408,0
60636,202408,0
17068,202408,0
82339,202408,1
93285,202408,0
84770,202408,0
325,202408,0
61347,202408,0
27138,202408,0
14927,202408,0
47522,202408,0
11472,202408,0
58332,202408,0
58332,202408,0
25918,202408,0
2031,202408,0
54894,202408,0
12668,202408,0
10213,202408,0
68341,202408,0
9138,202408,0
17222,202408,0
93292,202408,0
1426,202408,0
36075,202408,0
58571,202408,0
33468,202408,0
94112,202408,0
14974,202408,0
78965,202408,0
2175,202408,0
13842,202408,0
31129,202408,0
94957,202408,0
21970,202408,0
63323,202408,0
39353,202408,0
57874,202408,0
8869,202408,0
2892,202408,0
31362,202408,0
47758,202408,0
65053,202408,0
38983,202408,0
61845,202408,0
77251,202408,0
94821,202408,0
25336,202408,0
66178,202408,0
44677,202408,0
49740,202408,0
80954,202408,0
48268,202408,0
39372,202408,0
12206,202408,0
16206,202408,0
68286,202408,0
95101,202408,0
35821,202408,0
30212,202408,0
9069,202408,0
10806,202408,0
15859,202408,0
47981,202408,0
36930,202408,0
92657,202408,0
17828,202408,0
41831,202408,0
93243,202408,0
22543,202408,0
70340,202408,0
88968,202408,0
9056,202408,0
45444,202408,0
87937,202408,0
87937,202408,0
79877,202408,0
59713,202408,0
65890,202408,0
63109,202408,0
63027,202408,0
17802,202408,0
25191,202408,0
18943,202408,0
27861,202408,0
26866,202408,0
82925,202408,0
19545,202408,1
80787,202408,0
38407,202408,0
22026,202408,0
55535,202408,0
55566,202408,0
73436,202408,0
58677,202408,0
16967,202408,0
62258,202408,0
39859,202408,0
3779,202408,0
19424,202408,0
35587,202408,0
23342,202408,0
40574,202408,0
63262,202408,0
26509,202408,0
74102,202408,0
92481,202408,0
32124,202408,0
88070,202408,0
11467,202408,0
91934,202408,0
58713,202408,0
81441,202408,0
2782,202408,0
80356,202408,0
65286,202408,0
15152,202408,0
94016,202408,0
22566,202408,0
38932,202408,0
97986,202408,0
38893,202408,0
34671,202408,0
6127,202408,0
61093,202408,0
8075,202408,0
78291,202408,0
20995,202408,0
44521,202408,0
64987,202408,0
84215,202408,0
70958,202408,0
6318,202408,0
41997,202408,0
46517,202408,0
70889,202408,0
1009,202408,0
4545,202408,0
52967,202408,0
56958,202408,0
93179,202408,0
58188,202408,0
31575,202408,0
31575,202408,0
44327,202408,0
55069,202408,0
53156,202408,0
58599,202408,0
13572,202408,0
9407,202408,0
34828,202408,0
12513,202408,0
55539,202408,0
40373,202408,0
37352,202408,1
97363,202408,0
88496,202408,0
16666,202408,0
11236,202408,0
67758,202408,0
61479,202408,0
57524,202408,0
93520,202408,0
69175,202408,0
66432,202408,0
15272,202408,0
77764,202408,0
51949,202408,0
98128,202408,0
4911,202408,0
45342,202408,0
9785,202408,0
261,202408,0
52177,202408,0
75475,202408,0
16797,202408,0
33603,202408,0
50211,202408,0
10956,202408,0
76233,202408,0
30022,202408,0
39761,202408,0
56820,202408,0
92802,202408,0
92848,202408,0
80497,202408,0
40060,202408,0
79406,202408,0
47745,202408,0
15110,202408,0
92257,202408,0
48923,202408,0
59625,202408,0
30039,202408,0
18892,202408,0
93838,202408,0
40988,202408,0
37989,202408,0
99514,202408,0
31711,202408,0
18181,202408,0
77374,202408,0
26573,202408,0
43259,202408,0
63076,202408,0
18001,202408,0
67595,202408,0
41035,202408,0
19039,202408,0
72107,202408,0
84549,202408,0
52073,202408,0
23,202408,0
43253,202408,0
11042,202408,0
79542,202408,0
46165,202408,0
52155,202408,0
75318,202408,0
24742,202408,0
11308,202408,0
16389,202408,0
36781,202408,0
91422,202408,0
97415,202408,0
14585,202408,0
80085,202408,0
5167,202408,0
39887,202408,0
97876,202408,0
80092,202408,0
84874,202408,0
68082,202408,0
20792,202408,0
14195,202408,0
56175,202408,0
36495,202408,0
29427,202408,0
59519,202408,0
18534,202408,0
97575,202408,0
77907,202408,0
86574,202408,0
33275,202408,0
54050,202408,0
2612,202408,0
40741,202408,0
79782,202408,0
56737,202408,0
10849,202408,0
73728,202408,0
38635,202408,0
38037,202408,0
35233,202408,0
80195,202408,0
18897,202408,0
90114,202408,0
90114,202408,0
90114,202408,0
56860,202408,0
91248,202408,0
16193,202408,0
7699,202408,0
64705,202408,0
52640,202408,0
25794,202408,0
34719,202408,0
48117,202408,0
2186,202408,0
29511,202408,0
59780,202408,0
71814,202408,0
34432,202408,0
34432,202408,0
93990,202408,0
63035,202408,0
14187,202408,0
9668,202408,0
44152,202408,0
77329,202408,0
10380,202408,0
33227,202408,1
8931,202408,0
61364,202408,0
38247,202408,0
50337,202408,0
59987,202408,0
14315,202408,0
15739,202408,0
73041,202408,0
64735,202408,0
70017,202408,0
72066,202408,0
93306,202408,0
64937,202408,0
68918,202408,0
43495,202408,0
38272,202408,0
78194,202408,0
21858,202408,0
16874,202408,0
85423,202408,0
31613,202408,0
7348,202408,0
91750,202408,0
38617,202408,0
40441,202408,0
18832,202408,0
44233,202408,0
42698,202408,0
39701,202408,0
42117,202408,0
70309,202408,0
94724,202408,0
63310,202408,0
64164,202408,0
33179,202408,0
64393,202408,0
62186,202408,0
70669,202408,0
96451,202408,0
40877,202408,0
50271,202408,0
44141,202408,0
54184,202408,0
81173,202408,0
29570,202408,0
23896,202408,0
97382,202408,0
79395,202408,0
46736,202408,0
87835,202408,0
79388,202408,0
6279,202408,1
3934,202408,0
14572,202408,0
30949,202408,0
39423,202408,0
43134,202408,0
64700,202408,0
53813,202408,0
50519,202408,0
33157,202408,0
33157,202408,0
77483,202408,0
24330,202408,0
62230,202408,0
20092,202408,0
85556,202408,0
1811,202408,0
47993,202408,0
16432,202408,0
64733,202408,0
64733,202408,0
64733,202408,0
25740,202408,0
45602,202408,0
5120,202408,0
10414,202408,0
72056,202408,0
78206,202408,0
33724,202408,0
91118,202408,0
65658,202408,0
18475,202408,0
25282,202408,0
32482,202408,0
42761,202408,0
53298,202408,0
35405,202408,0
65151,202408,0
65151,202408,0
17083,202408,0
43428,202408,0
99605,202408,1
27377,202408,0
88235,202408,0
97208,202408,0
73963,202408,0
48760,202408,0
36598,202408,0
14735,202408,0
34464,202408,0
91829,202408,0
74783,202408,0
89669,202408,0
56918,202408,0
69762,202408,0
43056,202408,0
2909,202408,0
58999,202408,0
66109,202408,0
5261,202408,0
65516,202408,0
4977,202408,0
59182,202408,0
10464,202408,0
1266,202408,0
97368,202408,0
65406,202408,0
62324,202408,0
249,202408,0
85273,202408,0
96992,202408,0
23843,202408,0
94194,202408,0
70962,202408,0
47092,202408,0
14986,202408,0
39806,202408,0
72020,202408,0
74704,202408,0
76288,202408,0
69346,202408,0
98035,202408,0
5604,202408,0
80701,202408,0
93646,202408,0
14772,202408,0
4515,202408,0
65380,202408,0
6794,202408,0
35929,202408,0
94105,202408,0
97072,202408,0
49583,202408,0
61270,202408,0
52138,202408,0
62168,202408,0
62999,202408,0
64508,202408,0
31318,202408,0
88916,202408,0
22512,202408,0
92942,202408,0
72338,202408,0
92331,202408,0
37298,202408,0
14072,202408,0
94716,202408,0
61626,202408,0
61626,202408,0
69717,202408,0
37619,202408,0
37619,202408,0
44583,202408,0
24566,202408,0
13080,202408,0
80422,202408,0
77334,202408,0
20022,202408,0
789,202408,0
67308,202408,0
76176,202408,0
69547,202408,0
71609,202408,0
94025,202408,0
20463,202408,0
29288,202408,0
918,202408,0
767,202408,0
85820,202408,0
47948,202408,0
84521,202408,0
3057,202408,0
29167,202408,0
71667,202408,0
21842,202408,0
30596,202408,0
98585,202408,0
73235,202408,0
17867,202408,0
19022,202408,0
41877,202408,0
90011,202408,0
95597,202408,0
71107,202408,0
43019,202408,0
66806,202408,0
2282,202408,0
51995,202408,0
31197,202408,0
87326,202408,0
46152,202408,0
4014,202408,0
89196,202408,0
34003,202408,0
87203,202408,0
88632,202408,0
7036,202408,0
5296,202408,0
66559,202408,0
15050,202408,0
46847,202408,0
92445,202408,0
26313,202408,0
31257,202408,0
19693,202408,0
18067,202408,0
4682,202408,0
80159,202408,0
24270,202408,0
40131,202408,0
56598,202408,0
68947,202408,0
3504,202408,0
50840,202408,0
68093,202408,0
64144,202408,1
67294,202408,0
20358,202408,0
45225,202408,0
53569,202408,0
53569,202408,0
53569,202408,0
53569,202408,0
51875,202408,0
90571,202408,0
9317,202408,0
73808,202408,0
25066,202408,0
16887,202408,0
79584,202408,0
63124,202408,0
26942,202408,0
26942,202408,0
14023,202408,0
88058,202408,1
27584,202408,0
9429,202408,0
78853,202408,0
4455,202408,0
83680,202408,0
943,202408,0
2324,202408,0
84448,202408,0
17350,202408,0
44634,202408,0
4882,202408,0
75084,202408,0
9776,202408,0
95684,202408,0
54392,202408,0
17347,202408,0
17347,202408,0
74271,202408,0
65995,202408,0
30517,202408,0
58558,202408,0
50203,202408,0
71908,202408,0
92322,202408,0
37211,202408,0
76680,202408,0
74152,202408,0
36238,202408,0
92723,202408,0
11077,202408,0
16756,202408,0
19,202408,0
80741,202408,0
18668,202408,0
5836,202408,0
1424,202408,0
14737,202408,0
61801,202408,0
61801,202408,0
35368,202408,0
21598,202408,0
98864,202408,0
90623,202408,0
46953,202408,0
87301,202408,0
70237,202408,0
88773,202408,0
1913,202408,0
5149,202408,0
98566,202408,0
90547,202408,0
74049,202408,0
65321,202408,0
79179,202408,0
11012,202408,0
58511,202408,0
76362,202408,0
17964,202408,0
75049,202408,0
77582,202408,0
96934,202408,0
22851,202408,0
8387,202408,0
13614,202408,0
22351,202408,0
32093,202408,0
71874,202408,0
31692,202408,0
38443,202408,0
49627,202408,0
63451,202408,0
61617,202408,0
61617,202408,0
57810,202408,0
43427,202408,0
30456,202408,0
47097,202408,0
46155,202408,0
33296,202408,0
96605,202408,0
47038,202408,0
43677,202408,0
45199,202408,0
24123,202408,0
10284,202408,0
31181,202408,0
82129,202408,0
82129,202408,0
60715,202408,0
68151,202408,0
26974,202408,0
98271,202408,0
14499,202408,0
17580,202408,0
46083,202408,0
36700,202408,0
82673,202408,0
27722,202408,0
64954,202408,0
13230,202408,0
98082,202408,0
84303,202408,0
92785,202408,0
47130,202408,0
24004,202408,0
59285,202408,0
53783,202408,0
8268,202408,0
48572,202408,0
42982,202408,0
85062,202408,0
73694,202408,0
69167,202408,0
18170,202408,0
93963,202408,0
22220,202408,0
60576,202408,0
38318,202408,0
70693,202408,0
24740,202408,0
8762,202408,0
75469,202408,0
52755,202408,0
4661,202408,0
70399,202408,0
39448,202408,0
89424,202408,0
77267,202408,0
96661,202408,0
22895,202408,0
35475,202408,0
89105,202408,0
64306,202408,0
63457,202408,0
25482,202408,0
12485,202408,0
64955,202408,0
35468,202408,0
21312,202408,0
19579,202408,0
84631,202408,0
56551,202408,0
56967,202408,0
85639,202408,0
89810,202408,0
1952,202408,0
6642,202408,0
28317,202408,0
7630,202408,0
67162,202408,0
70646,202408,0
79757,202408,0
39874,202408,0
94324,202408,0
73259,202408,0
42670,202408,0
17694,202408,0
53115,202408,0
80873,202408,0
33944,202408,0
60930,202408,0
45497,202408,0
10832,202408,0
93203,202408,0
50159,202408,0
86870,202408,0
30607,202408,0
92324,202408,0
92324,202408,0
92324,202408,0
89803,202408,0
84714,202408,0
50633,202408,0
20387,202408,0
16870,202408,0
57486,202408,0
29335,202408,0
76427,202408,0
78483,202408,0
59894,202408,0
20017,202408,0
20017,202408,0
26364,202408,0
48297,202408,0
84035,202408,0
75135,202408,1
80269,202408,0
87427,202408,0
5784,202408,0
7465,202408,0
53595,202408,0
58685,202408,0
68663,202408,0
47949,202408,0
78795,202408,0
57835,202408,0
91241,202408,0
38885,202408,0
99082,202408,0
33914,202408,0
40240,202408,0
63654,202408,0
63828,202408,0
56720,202408,0
31614,202408,0
99966,202408,0
52740,202408,0
23164,202408,0
34462,202408,0
89168,202408,0
1876,202408,0
92043,202408,0
92043,202408,0
72704,202408,0
8620,202408,0
81679,202408,0
29192,202408,0
71818,202408,0
75544,202408,0
68572,202408,0
73488,202408,0
29986,202408,0
26913,202408,0
25130,202408,0
94427,202408,0
62520,202408,0
4187,202408,0
47518,202408,0
933,202408,0
18072,202408,0
54793,202408,0
74385,202408,0
42763,202408,0
57382,202408,0
46706,202408,0
23097,202408,0
23097,202408,0
23097,202408,0
98452,202408,0
47353,202408,0
33688,202408,0
53698,202408,0
66853,202408,0
96319,202408,0
96319,202408,0
96319,202408,0
34252,202408,0
39974,202408,0
21468,202408,0
5468,202408,0
9757,202408,0
29258,202408,0
29258,202408,0
29258,202408,0
4178,202408,0
13655,202408,0
75782,202408,0
94958,202408,0
11960,202408,0
47344,202408,0
93599,202408,0
90484,202408,0
72810,202408,0
6093,202408,0
33755,202408,0
92319,202408,0
9057,202408,0
46988,202408,0
30963,202408,0
98052,202408,0
92470,202408,0
78273,202408,0
76396,202408,0
83421,202408,0
12890,202408,0
75262,202408,0
90075,202408,0
74721,202408,0
96825,202408,0
92186,202408,0
18603,202408,0
84615,202408,0
37295,202408,0
16814,202408,0
43188,202408,0
39049,202408,0
12288,202408,0
63382,202408,0
26778,202408,0
73482,202408,0
81841,202408,0
72721,202408,0
59052,202408,0
42326,202408,0
88182,202408,0
61164,202408,0
72889,202408,0
59550,202408,0
68302,202408,0
75521,202408,0
72876,202408,0
48344,202408,0
26835,202408,0
63635,202408,0
30130,202408,0
57399,202408,0
77247,202408,0
68117,202408,0
23626,202408,0
2790,202408,0
55327,202408,0
61341,202408,0
81349,202408,0
32421,202408,0
41457,202408,0
62578,202408,0
44661,202408,0
72205,202408,0
62908,202408,0
51559,202408,0
55691,202408,0
22385,202408,0
71516,202408,0
12895,202408,0
46303,202408,0
9452,202408,0
95568,202408,1
51920,202408,0
6310,202408,0
99636,202408,0
39542,202408,0
91181,202408,0
51465,202408,0
23831,202408,0
76433,202408,0
38705,202408,0
56743,202408,0
96540,202408,0
8482,202408,0
8482,202408,0
79144,202408,0
53072,202408,0
24218,202408,0
14766,202408,0
65016,202408,0
82731,202408,0
93995,202408,0
16012,202408,0
44105,202408,0
86189,202408,0
79091,202408,0
69506,202408,0
95167,202408,1
27678,202408,0
44906,202408,0
44906,202408,0
41112,202408,0
66394,202408,0
11956,202408,0
25541,202408,0
46770,202408,0
647,202408,0
31810,202408,0
58390,202408,0
71227,202408,0
92016,202408,0
37582,202408,0
89808,202408,1
88536,202408,0
52374,202408,0
42863,202408,0
59081,202408,0
91500,202408,0
15262,202408,0
5758,202408,0
26260,202408,0
6605,202408,0
47644,202408,0
72598,202408,0
85143,202408,0
63358,202408,0
29034,202408,0
87813,202408,0
64498,202408,0
70450,202408,0
54057,202408,0
93908,202408,0
22132,202408,0
33461,202408,0
18627,202408,0
87479,202408,0
84264,202408,0
3575,202408,0
87561,202408,0
80611,202408,0
43097,202408,0
70869,202408,0
67105,202408,0
70555,202408,0
4997,202408,0
97341,202408,0
78872,202408,0
61910,202408,0
49827,202408,0
13908,202408,0
33478,202408,0
86892,202408,0
52787,202408,0
48345,202408,0
66606,202408,0
65188,202408,0
3583,202408,0
2961,202408,0
28211,202408,0
24128,202408,0
65314,202408,0
83058,202408,0
87440,202408,0
24563,202408,0
67453,202408,0
30689,202408,0
750,202408,0
13205,202408,0
11684,202408,1
57376,202408,0
90140,202408,0
56351,202408,0
54229,202408,0
60189,202408,0
92920,202408,0
62542,202408,0
92106,202408,0
73595,202408,0
46515,202408,0
7743,202408,0
19079,202408,0
14885,202408,0
82408,202408,0
93897,202408,0
14355,202408,0
96431,202408,0
57394,202408,0
91489,202408,0
90577,202408,0
90577,202408,0
74491,202408,0
24757,202408,0
16545,202408,0
42472,202408,0
23332,202408,0
76214,202408,0
34267,202408,0
46078,202408,0
79717,202408,0
1721,202408,0
60088,202408,1
56994,202408,0
83971,202408,0
92097,202408,0
52827,202408,0
22245,202408,0
69223,202408,0
66534,202408,0
68600,202408,0
35293,202408,0
88083,202408,0
94455,202408,0
80178,202408,0
31836,202408,0
42387,202408,0
28501,202408,0
28501,202408,0
18909,202408,0
47786,202408,0
47786,202408,0
92758,202408,0
97367,202408,0
3062,202408,0
48200,202408,0
27969,202408,0
45360,202408,0
55626,202408,0
98075,202408,0
86731,202408,0
38756,202408,0
2116,202408,0
1680,202408,0
67823,202408,0
31173,202408,0
75432,202408,0
1464,202408,0
63625,202408,0
44199,202408,0
14051,202408,0
78654,202408,0
55233,202408,0
85762,202408,0
74142,202408,0
48980,202408,0
55152,202408,0
44309,202408,0
40983,202408,0
63056,202408,0
2553,202408,0
33991,202408,0
20569,202408,0
60175,202408,0
17513,202408,0
41509,202408,0
97713,202408,0
95997,202408,0
24605,202408,0
10590,202408,0
98328,202408,0
57892,202408,0
29147,202408,0
94367,202408,0
34196,202408,1
70299,202408,0
58495,202408,0
52754,202408,0
64893,202408,0
67302,202408,0
11763,202408,0
19217,202408,0
75938,202408,0
25668,202408,0
26665,202408,0
54518,202408,0
22755,202408,0
77848,202408,0
4563,202408,0
70978,202408,0
89012,202408,0
51490,202408,0
21559,202408,0
95208,202408,0
96530,202408,0
76764,202408,0
36951,202408,0
52457,202408,0
84542,202408,0
4279,202408,0
26809,202408,0
95644,202408,0
57480,202408,0
57515,202408,0
32470,202408,0
61128,202408,0
15284,202408,0
19876,202408,0
96708,202408,0
27833,202408,0
64082,202408,1
78262,202408,0
25544,202408,0
44185,202408,0
58133,202408,0
64518,202408,0
52064,202408,0
39,202408,0
3651,202408,0
40568,202408,0
39973,202408,0
83242,202408,0
24938,202408,0
11357,202408,0
99912,202408,0
34277,202408,0
1783,202408,0
66967,202408,0
56138,202408,0
64063,202408,0
19211,202408,0
12079,202408,0
51498,202408,0
5941,202408,0
89619,202408,0
52789,202408,0
77781,202408,0
59190,202408,0
12938,202408,0
47932,202408,0
98908,202408,0
34129,202408,0
85357,202408,0
24545,202408,0
60675,202408,0
7557,202408,0
73414,202408,0
58365,202408,0
35513,202408,0
14087,202408,0
42985,202408,0
59985,202408,0
25660,202408,0
26004,202408,0
99326,202408,0
6126,202408,0
32673,202408,0
87560,202408,0
39413,202408,0
41476,202408,0
41476,202408,0
41476,202408,0
41476,202408,0
69537,202408,0
99319,202408,0
19325,202408,0
4869,202408,0
37220,202408,0
27169,202408,0
93803,202408,0
79503,202408,0
24942,202408,0
19001,202408,0
4566,202408,0
22545,202408,0
21556,202408,0
60042,202408,0
93017,202408,0
31475,202408,0
1528,202408,0
54527,202408,0
6012,202408,0
88829,202408,0
6240,202408,0
38081,202408,0
23019,202408,0
41073,202408,0
83002,202408,0
55671,202408,0
85241,202408,0
90046,202408,0
48758,202408,0
34649,202408,0
20695,202408,0
51056,202408,0
56499,202408,0
4654,202408,0
85415,202408,0
36205,202408,0
43268,202408,0
35479,202408,0
94771,202408,0
34200,202408,0
32667,202408,0
51406,202408,0
26340,202408,0
24555,202408,0
81559,202408,0
43938,202408,0
